media_id,room_id,room_display_name,session_id,file_name,relative_path,absolute_path,video_path,file_size_bytes,timestamp_source,start_time,end_time,duration_seconds,width,height,frame_rate,video_codec,has_audio,audio_codec,audio_sample_rate,audio_channels,quality_status,warnings
media_000001,room_1,Room 1,room_1_10_11_12_13_aug,GX010042.MP4,"data/raw/video/Room 1/Room 1 (10, 11, 12, 13 Aug)/GX010042.MP4","F:\temp\data\raw\video\Room 1\Room 1 (10, 11, 12, 13 Aug)\GX010042.MP4","data/raw/video/Room 1/Room 1 (10, 11, 12, 13 Aug)/GX010042.MP4",1208152,exiftool,2025-08-10T11:25:46,2025-08-10T11:25:49.536867,3.536867,1920.0,1080.0,29.97002997002997,hevc,True,aac,48000.0,2.0,ok,
media_000002,room_1,Room 1,room_1_10_11_12_13_aug,GX010043.MP4,"data/raw/video/Room 1/Room 1 (10, 11, 12, 13 Aug)/GX010043.MP4","F:\temp\data\raw\video\Room 1\Room 1 (10, 11, 12, 13 Aug)\GX010043.MP4","data/raw/video/Room 1/Room 1 (10, 11, 12, 13 Aug)/GX010043.MP4",764401917,exiftool,2025-08-10T11:26:41,2025-08-10T12:16:52.008000,3011.008,1920.0,1080.0,29.97002997002997,hevc,True,aac,48000.0,2.0,ok,
media_000003,room_1,Room 1,room_1_10_11_12_13_aug,GX020043.MP4,"data/raw/video/Room 1/Room 1 (10, 11, 12, 13 Aug)/GX020043.MP4","F:\temp\data\raw\video\Room 1\Room 1 (10, 11, 12, 13 Aug)\GX020043.MP4","data/raw/video/Room 1/Room 1 (10, 11, 12, 13 Aug)/GX020043.MP4",700019898,exiftool,2025-08-10T12:16:54,2025-08-10T13:07:05.008000,3011.008,1920.0,1080.0,29.97002997002997,hevc,True,aac,48000.0,2.0,ok,
media_000004,room_1,Room 1,room_1_10_11_12_13_aug,GX030043.MP4,"data/raw/video/Room 1/Room 1 (10, 11, 12, 13 Aug)/GX030043.MP4","F:\temp\data\raw\video\Room 1\Room 1 (10, 11, 12, 13 Aug)\GX030043.MP4","data/raw/video/Room 1/Room 1 (10, 11, 12, 13 Aug)/GX030043.MP4",581690655,exiftool,2025-08-10T13:07:05,2025-08-10T13:57:16.008000,3011.008,1920.0,1080.0,29.97002997002997,hevc,True,aac,48000.0,2.0,ok,
media_000005,room_1,Room 1,room_1_10_11_12_13_aug,GX040043.MP4,"data/raw/video/Room 1/Room 1 (10, 11, 12, 13 Aug)/GX040043.MP4","F:\temp\data\raw\video\Room 1\Room 1 (10, 11, 12, 13 Aug)\GX040043.MP4","data/raw/video/Room 1/Room 1 (10, 11, 12, 13 Aug)/GX040043.MP4",538362541,exiftool,2025-08-10T13:57:16,2025-08-10T14:47:27.008000,3011.008,1920.0,1080.0,29.97002997002997,hevc,True,aac,48000.0,2.0,ok,
media_000006,room_1,Room 1,room_1_10_11_12_13_aug,GX050043.MP4,"data/raw/video/Room 1/Room 1 (10, 11, 12, 13 Aug)/GX050043.MP4","F:\temp\data\raw\video\Room 1\Room 1 (10, 11, 12, 13 Aug)\GX050043.MP4","data/raw/video/Room 1/Room 1 (10, 11, 12, 13 Aug)/GX050043.MP4",556411685,exiftool,2025-08-10T14:47:27,2025-08-10T15:37:38.008000,3011.008,1920.0,1080.0,29.97002997002997,hevc,True,aac,48000.0,2.0,ok,
media_000007,room_1,Room 1,room_1_10_11_12_13_aug,GX060043.MP4,"data/raw/video/Room 1/Room 1 (10, 11, 12, 13 Aug)/GX060043.MP4","F:\temp\data\raw\video\Room 1\Room 1 (10, 11, 12, 13 Aug)\GX060043.MP4","data/raw/video/Room 1/Room 1 (10, 11, 12, 13 Aug)/GX060043.MP4",526676190,exiftool,2025-08-10T15:37:38,2025-08-10T16:27:49.008000,3011.008,1920.0,1080.0,29.97002997002997,hevc,True,aac,48000.0,2.0,ok,
media_000008,room_1,Room 1,room_1_10_11_12_13_aug,GX070043.MP4,"data/raw/video/Room 1/Room 1 (10, 11, 12, 13 Aug)/GX070043.MP4","F:\temp\data\raw\video\Room 1\Room 1 (10, 11, 12, 13 Aug)\GX070043.MP4","data/raw/video/Room 1/Room 1 (10, 11, 12, 13 Aug)/GX070043.MP4",437458342,exiftool,2025-08-10T16:27:49,2025-08-10T17:18:00.008000,3011.008,1920.0,1080.0,29.97002997002997,hevc,True,aac,48000.0,2.0,ok,
media_000009,room_1,Room 1,room_1_10_11_12_13_aug,GX080043.MP4,"data/raw/video/Room 1/Room 1 (10, 11, 12, 13 Aug)/GX080043.MP4","F:\temp\data\raw\video\Room 1\Room 1 (10, 11, 12, 13 Aug)\GX080043.MP4","data/raw/video/Room 1/Room 1 (10, 11, 12, 13 Aug)/GX080043.MP4",191102605,exiftool,2025-08-10T17:18:00,2025-08-10T18:08:11.008000,3011.008,1920.0,1080.0,29.97002997002997,hevc,True,aac,48000.0,2.0,ok,
media_000010,room_1,Room 1,room_1_10_11_12_13_aug,GX090043.MP4,"data/raw/video/Room 1/Room 1 (10, 11, 12, 13 Aug)/GX090043.MP4","F:\temp\data\raw\video\Room 1\Room 1 (10, 11, 12, 13 Aug)\GX090043.MP4","data/raw/video/Room 1/Room 1 (10, 11, 12, 13 Aug)/GX090043.MP4",188640011,exiftool,2025-08-10T18:08:11,2025-08-10T18:58:22.008000,3011.008,1920.0,1080.0,29.97002997002997,hevc,True,aac,48000.0,2.0,ok,
media_000011,room_1,Room 1,room_1_10_11_12_13_aug,GX100043.MP4,"data/raw/video/Room 1/Room 1 (10, 11, 12, 13 Aug)/GX100043.MP4","F:\temp\data\raw\video\Room 1\Room 1 (10, 11, 12, 13 Aug)\GX100043.MP4","data/raw/video/Room 1/Room 1 (10, 11, 12, 13 Aug)/GX100043.MP4",188886991,exiftool,2025-08-10T18:58:22,2025-08-10T19:48:33.008000,3011.008,1920.0,1080.0,29.97002997002997,hevc,True,aac,48000.0,2.0,ok,
media_000012,room_1,Room 1,room_1_10_11_12_13_aug,GX110043.MP4,"data/raw/video/Room 1/Room 1 (10, 11, 12, 13 Aug)/GX110043.MP4","F:\temp\data\raw\video\Room 1\Room 1 (10, 11, 12, 13 Aug)\GX110043.MP4","data/raw/video/Room 1/Room 1 (10, 11, 12, 13 Aug)/GX110043.MP4",189252044,exiftool,2025-08-10T19:48:33,2025-08-10T20:38:44.008000,3011.008,1920.0,1080.0,29.97002997002997,hevc,True,aac,48000.0,2.0,ok,
media_000013,room_1,Room 1,room_1_10_11_12_13_aug,GX120043.MP4,"data/raw/video/Room 1/Room 1 (10, 11, 12, 13 Aug)/GX120043.MP4","F:\temp\data\raw\video\Room 1\Room 1 (10, 11, 12, 13 Aug)\GX120043.MP4","data/raw/video/Room 1/Room 1 (10, 11, 12, 13 Aug)/GX120043.MP4",190804139,exiftool,2025-08-10T20:38:44,2025-08-10T21:28:55.008000,3011.008,1920.0,1080.0,29.97002997002997,hevc,True,aac,48000.0,2.0,ok,
media_000014,room_1,Room 1,room_1_10_11_12_13_aug,GX130043.MP4,"data/raw/video/Room 1/Room 1 (10, 11, 12, 13 Aug)/GX130043.MP4","F:\temp\data\raw\video\Room 1\Room 1 (10, 11, 12, 13 Aug)\GX130043.MP4","data/raw/video/Room 1/Room 1 (10, 11, 12, 13 Aug)/GX130043.MP4",187788927,exiftool,2025-08-10T21:28:55,2025-08-10T22:19:06.008000,3011.008,1920.0,1080.0,29.97002997002997,hevc,True,aac,48000.0,2.0,ok,
media_000015,room_1,Room 1,room_1_10_11_12_13_aug,GX140043.MP4,"data/raw/video/Room 1/Room 1 (10, 11, 12, 13 Aug)/GX140043.MP4","F:\temp\data\raw\video\Room 1\Room 1 (10, 11, 12, 13 Aug)\GX140043.MP4","data/raw/video/Room 1/Room 1 (10, 11, 12, 13 Aug)/GX140043.MP4",187791809,exiftool,2025-08-10T22:19:06,2025-08-10T23:09:17.008000,3011.008,1920.0,1080.0,29.97002997002997,hevc,True,aac,48000.0,2.0,ok,
media_000016,room_1,Room 1,room_1_10_11_12_13_aug,GX150043.MP4,"data/raw/video/Room 1/Room 1 (10, 11, 12, 13 Aug)/GX150043.MP4","F:\temp\data\raw\video\Room 1\Room 1 (10, 11, 12, 13 Aug)\GX150043.MP4","data/raw/video/Room 1/Room 1 (10, 11, 12, 13 Aug)/GX150043.MP4",191103116,exiftool,2025-08-10T23:09:17,2025-08-10T23:59:28.008000,3011.008,1920.0,1080.0,29.97002997002997,hevc,True,aac,48000.0,2.0,ok,
media_000017,room_1,Room 1,room_1_10_11_12_13_aug,GX160043.MP4,"data/raw/video/Room 1/Room 1 (10, 11, 12, 13 Aug)/GX160043.MP4","F:\temp\data\raw\video\Room 1\Room 1 (10, 11, 12, 13 Aug)\GX160043.MP4","data/raw/video/Room 1/Room 1 (10, 11, 12, 13 Aug)/GX160043.MP4",190024332,exiftool,2025-08-10T23:59:28,2025-08-11T00:49:39.008000,3011.008,1920.0,1080.0,29.97002997002997,hevc,True,aac,48000.0,2.0,ok,
media_000018,room_1,Room 1,room_1_10_11_12_13_aug,GX170043.MP4,"data/raw/video/Room 1/Room 1 (10, 11, 12, 13 Aug)/GX170043.MP4","F:\temp\data\raw\video\Room 1\Room 1 (10, 11, 12, 13 Aug)\GX170043.MP4","data/raw/video/Room 1/Room 1 (10, 11, 12, 13 Aug)/GX170043.MP4",188844938,exiftool,2025-08-11T00:49:39,2025-08-11T01:39:50.008000,3011.008,1920.0,1080.0,29.97002997002997,hevc,True,aac,48000.0,2.0,ok,
media_000019,room_1,Room 1,room_1_10_11_12_13_aug,GX180043.MP4,"data/raw/video/Room 1/Room 1 (10, 11, 12, 13 Aug)/GX180043.MP4","F:\temp\data\raw\video\Room 1\Room 1 (10, 11, 12, 13 Aug)\GX180043.MP4","data/raw/video/Room 1/Room 1 (10, 11, 12, 13 Aug)/GX180043.MP4",190367251,exiftool,2025-08-11T01:39:50,2025-08-11T02:30:01.008000,3011.008,1920.0,1080.0,29.97002997002997,hevc,True,aac,48000.0,2.0,ok,
media_000020,room_1,Room 1,room_1_10_11_12_13_aug,GX190043.MP4,"data/raw/video/Room 1/Room 1 (10, 11, 12, 13 Aug)/GX190043.MP4","F:\temp\data\raw\video\Room 1\Room 1 (10, 11, 12, 13 Aug)\GX190043.MP4","data/raw/video/Room 1/Room 1 (10, 11, 12, 13 Aug)/GX190043.MP4",194970397,exiftool,2025-08-11T02:30:01,2025-08-11T03:20:12.008000,3011.008,1920.0,1080.0,29.97002997002997,hevc,True,aac,48000.0,2.0,ok,
media_000021,room_1,Room 1,room_1_10_11_12_13_aug,GX200043.MP4,"data/raw/video/Room 1/Room 1 (10, 11, 12, 13 Aug)/GX200043.MP4","F:\temp\data\raw\video\Room 1\Room 1 (10, 11, 12, 13 Aug)\GX200043.MP4","data/raw/video/Room 1/Room 1 (10, 11, 12, 13 Aug)/GX200043.MP4",192836148,exiftool,2025-08-11T03:20:12,2025-08-11T04:10:23.008000,3011.008,1920.0,1080.0,29.97002997002997,hevc,True,aac,48000.0,2.0,ok,
media_000022,room_1,Room 1,room_1_10_11_12_13_aug,GX210043.MP4,"data/raw/video/Room 1/Room 1 (10, 11, 12, 13 Aug)/GX210043.MP4","F:\temp\data\raw\video\Room 1\Room 1 (10, 11, 12, 13 Aug)\GX210043.MP4","data/raw/video/Room 1/Room 1 (10, 11, 12, 13 Aug)/GX210043.MP4",191548944,exiftool,2025-08-11T04:10:23,2025-08-11T05:00:34.008000,3011.008,1920.0,1080.0,29.97002997002997,hevc,True,aac,48000.0,2.0,ok,
media_000023,room_1,Room 1,room_1_10_11_12_13_aug,GX220043.MP4,"data/raw/video/Room 1/Room 1 (10, 11, 12, 13 Aug)/GX220043.MP4","F:\temp\data\raw\video\Room 1\Room 1 (10, 11, 12, 13 Aug)\GX220043.MP4","data/raw/video/Room 1/Room 1 (10, 11, 12, 13 Aug)/GX220043.MP4",193745781,exiftool,2025-08-11T05:00:34,2025-08-11T05:50:45.008000,3011.008,1920.0,1080.0,29.97002997002997,hevc,True,aac,48000.0,2.0,ok,
media_000024,room_1,Room 1,room_1_10_11_12_13_aug,GX230043.MP4,"data/raw/video/Room 1/Room 1 (10, 11, 12, 13 Aug)/GX230043.MP4","F:\temp\data\raw\video\Room 1\Room 1 (10, 11, 12, 13 Aug)\GX230043.MP4","data/raw/video/Room 1/Room 1 (10, 11, 12, 13 Aug)/GX230043.MP4",190236222,exiftool,2025-08-11T05:50:45,2025-08-11T06:40:56.008000,3011.008,1920.0,1080.0,29.97002997002997,hevc,True,aac,48000.0,2.0,ok,
media_000025,room_1,Room 1,room_1_10_11_12_13_aug,GX240043.MP4,"data/raw/video/Room 1/Room 1 (10, 11, 12, 13 Aug)/GX240043.MP4","F:\temp\data\raw\video\Room 1\Room 1 (10, 11, 12, 13 Aug)\GX240043.MP4","data/raw/video/Room 1/Room 1 (10, 11, 12, 13 Aug)/GX240043.MP4",368032862,exiftool,2025-08-11T06:40:56,2025-08-11T07:31:07.008000,3011.008,1920.0,1080.0,29.97002997002997,hevc,True,aac,48000.0,2.0,ok,
media_000026,room_1,Room 1,room_1_10_11_12_13_aug,GX250043.MP4,"data/raw/video/Room 1/Room 1 (10, 11, 12, 13 Aug)/GX250043.MP4","F:\temp\data\raw\video\Room 1\Room 1 (10, 11, 12, 13 Aug)\GX250043.MP4","data/raw/video/Room 1/Room 1 (10, 11, 12, 13 Aug)/GX250043.MP4",512983281,exiftool,2025-08-11T07:31:07,2025-08-11T08:21:18.008000,3011.008,1920.0,1080.0,29.97002997002997,hevc,True,aac,48000.0,2.0,ok,
media_000027,room_1,Room 1,room_1_10_11_12_13_aug,GX260043.MP4,"data/raw/video/Room 1/Room 1 (10, 11, 12, 13 Aug)/GX260043.MP4","F:\temp\data\raw\video\Room 1\Room 1 (10, 11, 12, 13 Aug)\GX260043.MP4","data/raw/video/Room 1/Room 1 (10, 11, 12, 13 Aug)/GX260043.MP4",502674679,exiftool,2025-08-11T08:21:18,2025-08-11T09:11:29.008000,3011.008,1920.0,1080.0,29.97002997002997,hevc,True,aac,48000.0,2.0,ok,
media_000028,room_1,Room 1,room_1_10_11_12_13_aug,GX270043.MP4,"data/raw/video/Room 1/Room 1 (10, 11, 12, 13 Aug)/GX270043.MP4","F:\temp\data\raw\video\Room 1\Room 1 (10, 11, 12, 13 Aug)\GX270043.MP4","data/raw/video/Room 1/Room 1 (10, 11, 12, 13 Aug)/GX270043.MP4",495098379,exiftool,2025-08-11T09:11:29,2025-08-11T10:01:40.008000,3011.008,1920.0,1080.0,29.97002997002997,hevc,True,aac,48000.0,2.0,ok,
media_000029,room_1,Room 1,room_1_10_11_12_13_aug,GX280043.MP4,"data/raw/video/Room 1/Room 1 (10, 11, 12, 13 Aug)/GX280043.MP4","F:\temp\data\raw\video\Room 1\Room 1 (10, 11, 12, 13 Aug)\GX280043.MP4","data/raw/video/Room 1/Room 1 (10, 11, 12, 13 Aug)/GX280043.MP4",487958604,exiftool,2025-08-11T10:01:40,2025-08-11T10:51:51.008000,3011.008,1920.0,1080.0,29.97002997002997,hevc,True,aac,48000.0,2.0,ok,
media_000030,room_1,Room 1,room_1_10_11_12_13_aug,GX290043.MP4,"data/raw/video/Room 1/Room 1 (10, 11, 12, 13 Aug)/GX290043.MP4","F:\temp\data\raw\video\Room 1\Room 1 (10, 11, 12, 13 Aug)\GX290043.MP4","data/raw/video/Room 1/Room 1 (10, 11, 12, 13 Aug)/GX290043.MP4",486650597,exiftool,2025-08-11T10:51:51,2025-08-11T11:42:02.008000,3011.008,1920.0,1080.0,29.97002997002997,hevc,True,aac,48000.0,2.0,ok,
media_000031,room_1,Room 1,room_1_10_11_12_13_aug,GX300043.MP4,"data/raw/video/Room 1/Room 1 (10, 11, 12, 13 Aug)/GX300043.MP4","F:\temp\data\raw\video\Room 1\Room 1 (10, 11, 12, 13 Aug)\GX300043.MP4","data/raw/video/Room 1/Room 1 (10, 11, 12, 13 Aug)/GX300043.MP4",487339359,exiftool,2025-08-11T11:42:02,2025-08-11T12:32:13.008000,3011.008,1920.0,1080.0,29.97002997002997,hevc,True,aac,48000.0,2.0,ok,
media_000032,room_1,Room 1,room_1_10_11_12_13_aug,GX310043.MP4,"data/raw/video/Room 1/Room 1 (10, 11, 12, 13 Aug)/GX310043.MP4","F:\temp\data\raw\video\Room 1\Room 1 (10, 11, 12, 13 Aug)\GX310043.MP4","data/raw/video/Room 1/Room 1 (10, 11, 12, 13 Aug)/GX310043.MP4",493929490,exiftool,2025-08-11T12:32:14,2025-08-11T13:22:25.008000,3011.008,1920.0,1080.0,29.97002997002997,hevc,True,aac,48000.0,2.0,ok,
media_000033,room_1,Room 1,room_1_10_11_12_13_aug,GX320043.MP4,"data/raw/video/Room 1/Room 1 (10, 11, 12, 13 Aug)/GX320043.MP4","F:\temp\data\raw\video\Room 1\Room 1 (10, 11, 12, 13 Aug)\GX320043.MP4","data/raw/video/Room 1/Room 1 (10, 11, 12, 13 Aug)/GX320043.MP4",502691143,exiftool,2025-08-11T13:22:25,2025-08-11T14:12:36.008000,3011.008,1920.0,1080.0,29.97002997002997,hevc,True,aac,48000.0,2.0,ok,
media_000034,room_1,Room 1,room_1_10_11_12_13_aug,GX330043.MP4,"data/raw/video/Room 1/Room 1 (10, 11, 12, 13 Aug)/GX330043.MP4","F:\temp\data\raw\video\Room 1\Room 1 (10, 11, 12, 13 Aug)\GX330043.MP4","data/raw/video/Room 1/Room 1 (10, 11, 12, 13 Aug)/GX330043.MP4",493526645,exiftool,2025-08-11T14:12:36,2025-08-11T15:02:47.008000,3011.008,1920.0,1080.0,29.97002997002997,hevc,True,aac,48000.0,2.0,ok,
media_000035,room_1,Room 1,room_1_10_11_12_13_aug,GX340043.MP4,"data/raw/video/Room 1/Room 1 (10, 11, 12, 13 Aug)/GX340043.MP4","F:\temp\data\raw\video\Room 1\Room 1 (10, 11, 12, 13 Aug)\GX340043.MP4","data/raw/video/Room 1/Room 1 (10, 11, 12, 13 Aug)/GX340043.MP4",498176133,exiftool,2025-08-11T15:02:47,2025-08-11T15:52:58.008000,3011.008,1920.0,1080.0,29.97002997002997,hevc,True,aac,48000.0,2.0,ok,
media_000036,room_1,Room 1,room_1_10_11_12_13_aug,GX350043.MP4,"data/raw/video/Room 1/Room 1 (10, 11, 12, 13 Aug)/GX350043.MP4","F:\temp\data\raw\video\Room 1\Room 1 (10, 11, 12, 13 Aug)\GX350043.MP4","data/raw/video/Room 1/Room 1 (10, 11, 12, 13 Aug)/GX350043.MP4",510720306,exiftool,2025-08-11T15:52:58,2025-08-11T16:43:09.008000,3011.008,1920.0,1080.0,29.97002997002997,hevc,True,aac,48000.0,2.0,ok,
media_000037,room_1,Room 1,room_1_10_11_12_13_aug,GX360043.MP4,"data/raw/video/Room 1/Room 1 (10, 11, 12, 13 Aug)/GX360043.MP4","F:\temp\data\raw\video\Room 1\Room 1 (10, 11, 12, 13 Aug)\GX360043.MP4","data/raw/video/Room 1/Room 1 (10, 11, 12, 13 Aug)/GX360043.MP4",338014408,exiftool,2025-08-11T16:43:09,2025-08-11T17:33:20.008000,3011.008,1920.0,1080.0,29.97002997002997,hevc,True,aac,48000.0,2.0,ok,
media_000038,room_1,Room 1,room_1_10_11_12_13_aug,GX370043.MP4,"data/raw/video/Room 1/Room 1 (10, 11, 12, 13 Aug)/GX370043.MP4","F:\temp\data\raw\video\Room 1\Room 1 (10, 11, 12, 13 Aug)\GX370043.MP4","data/raw/video/Room 1/Room 1 (10, 11, 12, 13 Aug)/GX370043.MP4",190022719,exiftool,2025-08-11T17:33:20,2025-08-11T18:23:31.008000,3011.008,1920.0,1080.0,29.97002997002997,hevc,True,aac,48000.0,2.0,ok,
media_000039,room_1,Room 1,room_1_10_11_12_13_aug,GX380043.MP4,"data/raw/video/Room 1/Room 1 (10, 11, 12, 13 Aug)/GX380043.MP4","F:\temp\data\raw\video\Room 1\Room 1 (10, 11, 12, 13 Aug)\GX380043.MP4","data/raw/video/Room 1/Room 1 (10, 11, 12, 13 Aug)/GX380043.MP4",189889789,exiftool,2025-08-11T18:23:31,2025-08-11T19:13:42.008000,3011.008,1920.0,1080.0,29.97002997002997,hevc,True,aac,48000.0,2.0,ok,
media_000040,room_1,Room 1,room_1_10_11_12_13_aug,GX390043.MP4,"data/raw/video/Room 1/Room 1 (10, 11, 12, 13 Aug)/GX390043.MP4","F:\temp\data\raw\video\Room 1\Room 1 (10, 11, 12, 13 Aug)\GX390043.MP4","data/raw/video/Room 1/Room 1 (10, 11, 12, 13 Aug)/GX390043.MP4",189209050,exiftool,2025-08-11T19:13:42,2025-08-11T20:03:53.008000,3011.008,1920.0,1080.0,29.97002997002997,hevc,True,aac,48000.0,2.0,ok,
media_000041,room_1,Room 1,room_1_10_11_12_13_aug,GX400043.MP4,"data/raw/video/Room 1/Room 1 (10, 11, 12, 13 Aug)/GX400043.MP4","F:\temp\data\raw\video\Room 1\Room 1 (10, 11, 12, 13 Aug)\GX400043.MP4","data/raw/video/Room 1/Room 1 (10, 11, 12, 13 Aug)/GX400043.MP4",190452023,exiftool,2025-08-11T20:03:53,2025-08-11T20:54:04.008000,3011.008,1920.0,1080.0,29.97002997002997,hevc,True,aac,48000.0,2.0,ok,
media_000042,room_1,Room 1,room_1_10_11_12_13_aug,GX410043.MP4,"data/raw/video/Room 1/Room 1 (10, 11, 12, 13 Aug)/GX410043.MP4","F:\temp\data\raw\video\Room 1\Room 1 (10, 11, 12, 13 Aug)\GX410043.MP4","data/raw/video/Room 1/Room 1 (10, 11, 12, 13 Aug)/GX410043.MP4",188756335,exiftool,2025-08-11T20:54:04,2025-08-11T21:44:15.008000,3011.008,1920.0,1080.0,29.97002997002997,hevc,True,aac,48000.0,2.0,ok,
media_000043,room_1,Room 1,room_1_10_11_12_13_aug,GX420043.MP4,"data/raw/video/Room 1/Room 1 (10, 11, 12, 13 Aug)/GX420043.MP4","F:\temp\data\raw\video\Room 1\Room 1 (10, 11, 12, 13 Aug)\GX420043.MP4","data/raw/video/Room 1/Room 1 (10, 11, 12, 13 Aug)/GX420043.MP4",190329837,exiftool,2025-08-11T21:44:15,2025-08-11T22:34:26.008000,3011.008,1920.0,1080.0,29.97002997002997,hevc,True,aac,48000.0,2.0,ok,
media_000044,room_1,Room 1,room_1_10_11_12_13_aug,GX430043.MP4,"data/raw/video/Room 1/Room 1 (10, 11, 12, 13 Aug)/GX430043.MP4","F:\temp\data\raw\video\Room 1\Room 1 (10, 11, 12, 13 Aug)\GX430043.MP4","data/raw/video/Room 1/Room 1 (10, 11, 12, 13 Aug)/GX430043.MP4",189575901,exiftool,2025-08-11T22:34:26,2025-08-11T23:24:37.008000,3011.008,1920.0,1080.0,29.97002997002997,hevc,True,aac,48000.0,2.0,ok,
media_000045,room_1,Room 1,room_1_10_11_12_13_aug,GX440043.MP4,"data/raw/video/Room 1/Room 1 (10, 11, 12, 13 Aug)/GX440043.MP4","F:\temp\data\raw\video\Room 1\Room 1 (10, 11, 12, 13 Aug)\GX440043.MP4","data/raw/video/Room 1/Room 1 (10, 11, 12, 13 Aug)/GX440043.MP4",194780984,exiftool,2025-08-11T23:24:37,2025-08-12T00:14:48.008000,3011.008,1920.0,1080.0,29.97002997002997,hevc,True,aac,48000.0,2.0,ok,
media_000046,room_1,Room 1,room_1_10_11_12_13_aug,GX450043.MP4,"data/raw/video/Room 1/Room 1 (10, 11, 12, 13 Aug)/GX450043.MP4","F:\temp\data\raw\video\Room 1\Room 1 (10, 11, 12, 13 Aug)\GX450043.MP4","data/raw/video/Room 1/Room 1 (10, 11, 12, 13 Aug)/GX450043.MP4",193477343,exiftool,2025-08-12T00:14:48,2025-08-12T01:04:59.008000,3011.008,1920.0,1080.0,29.97002997002997,hevc,True,aac,48000.0,2.0,ok,
media_000047,room_1,Room 1,room_1_10_11_12_13_aug,GX460043.MP4,"data/raw/video/Room 1/Room 1 (10, 11, 12, 13 Aug)/GX460043.MP4","F:\temp\data\raw\video\Room 1\Room 1 (10, 11, 12, 13 Aug)\GX460043.MP4","data/raw/video/Room 1/Room 1 (10, 11, 12, 13 Aug)/GX460043.MP4",188984992,exiftool,2025-08-12T01:04:59,2025-08-12T01:55:10.008000,3011.008,1920.0,1080.0,29.97002997002997,hevc,True,aac,48000.0,2.0,ok,
media_000048,room_1,Room 1,room_1_10_11_12_13_aug,GX470043.MP4,"data/raw/video/Room 1/Room 1 (10, 11, 12, 13 Aug)/GX470043.MP4","F:\temp\data\raw\video\Room 1\Room 1 (10, 11, 12, 13 Aug)\GX470043.MP4","data/raw/video/Room 1/Room 1 (10, 11, 12, 13 Aug)/GX470043.MP4",187617422,exiftool,2025-08-12T01:55:10,2025-08-12T02:45:21.008000,3011.008,1920.0,1080.0,29.97002997002997,hevc,True,aac,48000.0,2.0,ok,
media_000049,room_1,Room 1,room_1_10_11_12_13_aug,GX480043.MP4,"data/raw/video/Room 1/Room 1 (10, 11, 12, 13 Aug)/GX480043.MP4","F:\temp\data\raw\video\Room 1\Room 1 (10, 11, 12, 13 Aug)\GX480043.MP4","data/raw/video/Room 1/Room 1 (10, 11, 12, 13 Aug)/GX480043.MP4",191141645,exiftool,2025-08-12T02:45:21,2025-08-12T03:35:32.008000,3011.008,1920.0,1080.0,29.97002997002997,hevc,True,aac,48000.0,2.0,ok,
media_000050,room_1,Room 1,room_1_10_11_12_13_aug,GX490043.MP4,"data/raw/video/Room 1/Room 1 (10, 11, 12, 13 Aug)/GX490043.MP4","F:\temp\data\raw\video\Room 1\Room 1 (10, 11, 12, 13 Aug)\GX490043.MP4","data/raw/video/Room 1/Room 1 (10, 11, 12, 13 Aug)/GX490043.MP4",194147879,exiftool,2025-08-12T03:35:32,2025-08-12T04:25:43.008000,3011.008,1920.0,1080.0,29.97002997002997,hevc,True,aac,48000.0,2.0,ok,
media_000051,room_1,Room 1,room_1_10_11_12_13_aug,GX500043.MP4,"data/raw/video/Room 1/Room 1 (10, 11, 12, 13 Aug)/GX500043.MP4","F:\temp\data\raw\video\Room 1\Room 1 (10, 11, 12, 13 Aug)\GX500043.MP4","data/raw/video/Room 1/Room 1 (10, 11, 12, 13 Aug)/GX500043.MP4",191460602,exiftool,2025-08-12T04:25:43,2025-08-12T05:15:54.008000,3011.008,1920.0,1080.0,29.97002997002997,hevc,True,aac,48000.0,2.0,ok,
media_000052,room_1,Room 1,room_1_10_11_12_13_aug,GX510043.MP4,"data/raw/video/Room 1/Room 1 (10, 11, 12, 13 Aug)/GX510043.MP4","F:\temp\data\raw\video\Room 1\Room 1 (10, 11, 12, 13 Aug)\GX510043.MP4","data/raw/video/Room 1/Room 1 (10, 11, 12, 13 Aug)/GX510043.MP4",189843643,exiftool,2025-08-12T05:15:54,2025-08-12T06:06:05.008000,3011.008,1920.0,1080.0,29.97002997002997,hevc,True,aac,48000.0,2.0,ok,
media_000053,room_1,Room 1,room_1_10_11_12_13_aug,GX520043.MP4,"data/raw/video/Room 1/Room 1 (10, 11, 12, 13 Aug)/GX520043.MP4","F:\temp\data\raw\video\Room 1\Room 1 (10, 11, 12, 13 Aug)\GX520043.MP4","data/raw/video/Room 1/Room 1 (10, 11, 12, 13 Aug)/GX520043.MP4",190715148,exiftool,2025-08-12T06:06:05,2025-08-12T06:56:16.008000,3011.008,1920.0,1080.0,29.97002997002997,hevc,True,aac,48000.0,2.0,ok,
media_000054,room_1,Room 1,room_1_10_11_12_13_aug,GX530043.MP4,"data/raw/video/Room 1/Room 1 (10, 11, 12, 13 Aug)/GX530043.MP4","F:\temp\data\raw\video\Room 1\Room 1 (10, 11, 12, 13 Aug)\GX530043.MP4","data/raw/video/Room 1/Room 1 (10, 11, 12, 13 Aug)/GX530043.MP4",456320140,exiftool,2025-08-12T06:56:16,2025-08-12T07:46:27.008000,3011.008,1920.0,1080.0,29.97002997002997,hevc,True,aac,48000.0,2.0,ok,
media_000055,room_1,Room 1,room_1_10_11_12_13_aug,GX540043.MP4,"data/raw/video/Room 1/Room 1 (10, 11, 12, 13 Aug)/GX540043.MP4","F:\temp\data\raw\video\Room 1\Room 1 (10, 11, 12, 13 Aug)\GX540043.MP4","data/raw/video/Room 1/Room 1 (10, 11, 12, 13 Aug)/GX540043.MP4",494095386,exiftool,2025-08-12T07:46:27,2025-08-12T08:36:38.008000,3011.008,1920.0,1080.0,29.97002997002997,hevc,True,aac,48000.0,2.0,ok,
media_000056,room_1,Room 1,room_1_10_11_12_13_aug,GX550043.MP4,"data/raw/video/Room 1/Room 1 (10, 11, 12, 13 Aug)/GX550043.MP4","F:\temp\data\raw\video\Room 1\Room 1 (10, 11, 12, 13 Aug)\GX550043.MP4","data/raw/video/Room 1/Room 1 (10, 11, 12, 13 Aug)/GX550043.MP4",494070807,exiftool,2025-08-12T08:36:38,2025-08-12T09:26:49.008000,3011.008,1920.0,1080.0,29.97002997002997,hevc,True,aac,48000.0,2.0,ok,
media_000057,room_1,Room 1,room_1_10_11_12_13_aug,GX560043.MP4,"data/raw/video/Room 1/Room 1 (10, 11, 12, 13 Aug)/GX560043.MP4","F:\temp\data\raw\video\Room 1\Room 1 (10, 11, 12, 13 Aug)\GX560043.MP4","data/raw/video/Room 1/Room 1 (10, 11, 12, 13 Aug)/GX560043.MP4",480099432,exiftool,2025-08-12T09:26:49,2025-08-12T10:17:00.008000,3011.008,1920.0,1080.0,29.97002997002997,hevc,True,aac,48000.0,2.0,ok,
media_000058,room_1,Room 1,room_1_10_11_12_13_aug,GX570043.MP4,"data/raw/video/Room 1/Room 1 (10, 11, 12, 13 Aug)/GX570043.MP4","F:\temp\data\raw\video\Room 1\Room 1 (10, 11, 12, 13 Aug)\GX570043.MP4","data/raw/video/Room 1/Room 1 (10, 11, 12, 13 Aug)/GX570043.MP4",480668526,exiftool,2025-08-12T10:17:00,2025-08-12T11:07:11.008000,3011.008,1920.0,1080.0,29.97002997002997,hevc,True,aac,48000.0,2.0,ok,
media_000059,room_1,Room 1,room_1_10_11_12_13_aug,GX580043.MP4,"data/raw/video/Room 1/Room 1 (10, 11, 12, 13 Aug)/GX580043.MP4","F:\temp\data\raw\video\Room 1\Room 1 (10, 11, 12, 13 Aug)\GX580043.MP4","data/raw/video/Room 1/Room 1 (10, 11, 12, 13 Aug)/GX580043.MP4",492668460,exiftool,2025-08-12T11:07:11,2025-08-12T11:57:22.008000,3011.008,1920.0,1080.0,29.97002997002997,hevc,True,aac,48000.0,2.0,ok,
media_000060,room_1,Room 1,room_1_10_11_12_13_aug,GX590043.MP4,"data/raw/video/Room 1/Room 1 (10, 11, 12, 13 Aug)/GX590043.MP4","F:\temp\data\raw\video\Room 1\Room 1 (10, 11, 12, 13 Aug)\GX590043.MP4","data/raw/video/Room 1/Room 1 (10, 11, 12, 13 Aug)/GX590043.MP4",480475520,exiftool,2025-08-12T11:57:22,2025-08-12T12:47:33.008000,3011.008,1920.0,1080.0,29.97002997002997,hevc,True,aac,48000.0,2.0,ok,
media_000061,room_1,Room 1,room_1_10_11_12_13_aug,GX600043.MP4,"data/raw/video/Room 1/Room 1 (10, 11, 12, 13 Aug)/GX600043.MP4","F:\temp\data\raw\video\Room 1\Room 1 (10, 11, 12, 13 Aug)\GX600043.MP4","data/raw/video/Room 1/Room 1 (10, 11, 12, 13 Aug)/GX600043.MP4",480722269,exiftool,2025-08-12T12:47:33,2025-08-12T13:37:44.008000,3011.008,1920.0,1080.0,29.97002997002997,hevc,True,aac,48000.0,2.0,ok,
media_000062,room_1,Room 1,room_1_10_11_12_13_aug,GX610043.MP4,"data/raw/video/Room 1/Room 1 (10, 11, 12, 13 Aug)/GX610043.MP4","F:\temp\data\raw\video\Room 1\Room 1 (10, 11, 12, 13 Aug)\GX610043.MP4","data/raw/video/Room 1/Room 1 (10, 11, 12, 13 Aug)/GX610043.MP4",483729051,exiftool,2025-08-12T13:37:44,2025-08-12T14:27:55.008000,3011.008,1920.0,1080.0,29.97002997002997,hevc,True,aac,48000.0,2.0,ok,
media_000063,room_1,Room 1,room_1_10_11_12_13_aug,GX620043.MP4,"data/raw/video/Room 1/Room 1 (10, 11, 12, 13 Aug)/GX620043.MP4","F:\temp\data\raw\video\Room 1\Room 1 (10, 11, 12, 13 Aug)\GX620043.MP4","data/raw/video/Room 1/Room 1 (10, 11, 12, 13 Aug)/GX620043.MP4",489378203,exiftool,2025-08-12T14:27:55,2025-08-12T15:18:06.008000,3011.008,1920.0,1080.0,29.97002997002997,hevc,True,aac,48000.0,2.0,ok,
media_000064,room_1,Room 1,room_1_10_11_12_13_aug,GX630043.MP4,"data/raw/video/Room 1/Room 1 (10, 11, 12, 13 Aug)/GX630043.MP4","F:\temp\data\raw\video\Room 1\Room 1 (10, 11, 12, 13 Aug)\GX630043.MP4","data/raw/video/Room 1/Room 1 (10, 11, 12, 13 Aug)/GX630043.MP4",488480763,exiftool,2025-08-12T15:18:06,2025-08-12T16:08:17.008000,3011.008,1920.0,1080.0,29.97002997002997,hevc,True,aac,48000.0,2.0,ok,
media_000065,room_1,Room 1,room_1_10_11_12_13_aug,GX640043.MP4,"data/raw/video/Room 1/Room 1 (10, 11, 12, 13 Aug)/GX640043.MP4","F:\temp\data\raw\video\Room 1\Room 1 (10, 11, 12, 13 Aug)\GX640043.MP4","data/raw/video/Room 1/Room 1 (10, 11, 12, 13 Aug)/GX640043.MP4",506266215,exiftool,2025-08-12T16:08:17,2025-08-12T16:58:28.008000,3011.008,1920.0,1080.0,29.97002997002997,hevc,True,aac,48000.0,2.0,ok,
media_000066,room_1,Room 1,room_1_10_11_12_13_aug,GX650043.MP4,"data/raw/video/Room 1/Room 1 (10, 11, 12, 13 Aug)/GX650043.MP4","F:\temp\data\raw\video\Room 1\Room 1 (10, 11, 12, 13 Aug)\GX650043.MP4","data/raw/video/Room 1/Room 1 (10, 11, 12, 13 Aug)/GX650043.MP4",226345310,exiftool,2025-08-12T16:58:28,2025-08-12T17:48:39.008000,3011.008,1920.0,1080.0,29.97002997002997,hevc,True,aac,48000.0,2.0,ok,
media_000067,room_1,Room 1,room_1_10_11_12_13_aug,GX660043.MP4,"data/raw/video/Room 1/Room 1 (10, 11, 12, 13 Aug)/GX660043.MP4","F:\temp\data\raw\video\Room 1\Room 1 (10, 11, 12, 13 Aug)\GX660043.MP4","data/raw/video/Room 1/Room 1 (10, 11, 12, 13 Aug)/GX660043.MP4",188613746,exiftool,2025-08-12T17:48:39,2025-08-12T18:38:50.008000,3011.008,1920.0,1080.0,29.97002997002997,hevc,True,aac,48000.0,2.0,ok,
media_000068,room_1,Room 1,room_1_10_11_12_13_aug,GX670043.MP4,"data/raw/video/Room 1/Room 1 (10, 11, 12, 13 Aug)/GX670043.MP4","F:\temp\data\raw\video\Room 1\Room 1 (10, 11, 12, 13 Aug)\GX670043.MP4","data/raw/video/Room 1/Room 1 (10, 11, 12, 13 Aug)/GX670043.MP4",186483383,exiftool,2025-08-12T18:38:50,2025-08-12T19:29:01.008000,3011.008,1920.0,1080.0,29.97002997002997,hevc,True,aac,48000.0,2.0,ok,
media_000069,room_1,Room 1,room_1_10_11_12_13_aug,GX680043.MP4,"data/raw/video/Room 1/Room 1 (10, 11, 12, 13 Aug)/GX680043.MP4","F:\temp\data\raw\video\Room 1\Room 1 (10, 11, 12, 13 Aug)\GX680043.MP4","data/raw/video/Room 1/Room 1 (10, 11, 12, 13 Aug)/GX680043.MP4",188265663,exiftool,2025-08-12T19:29:01,2025-08-12T20:19:12.008000,3011.008,1920.0,1080.0,29.97002997002997,hevc,True,aac,48000.0,2.0,ok,
media_000070,room_1,Room 1,room_1_10_11_12_13_aug,GX690043.MP4,"data/raw/video/Room 1/Room 1 (10, 11, 12, 13 Aug)/GX690043.MP4","F:\temp\data\raw\video\Room 1\Room 1 (10, 11, 12, 13 Aug)\GX690043.MP4","data/raw/video/Room 1/Room 1 (10, 11, 12, 13 Aug)/GX690043.MP4",187300224,exiftool,2025-08-12T20:19:12,2025-08-12T21:09:23.008000,3011.008,1920.0,1080.0,29.97002997002997,hevc,True,aac,48000.0,2.0,ok,
media_000071,room_1,Room 1,room_1_10_11_12_13_aug,GX700043.MP4,"data/raw/video/Room 1/Room 1 (10, 11, 12, 13 Aug)/GX700043.MP4","F:\temp\data\raw\video\Room 1\Room 1 (10, 11, 12, 13 Aug)\GX700043.MP4","data/raw/video/Room 1/Room 1 (10, 11, 12, 13 Aug)/GX700043.MP4",188885433,exiftool,2025-08-12T21:09:23,2025-08-12T21:59:34.008000,3011.008,1920.0,1080.0,29.97002997002997,hevc,True,aac,48000.0,2.0,ok,
media_000072,room_1,Room 1,room_1_10_11_12_13_aug,GX710043.MP4,"data/raw/video/Room 1/Room 1 (10, 11, 12, 13 Aug)/GX710043.MP4","F:\temp\data\raw\video\Room 1\Room 1 (10, 11, 12, 13 Aug)\GX710043.MP4","data/raw/video/Room 1/Room 1 (10, 11, 12, 13 Aug)/GX710043.MP4",190082823,exiftool,2025-08-12T21:59:34,2025-08-12T22:49:45.008000,3011.008,1920.0,1080.0,29.97002997002997,hevc,True,aac,48000.0,2.0,ok,
media_000073,room_1,Room 1,room_1_10_11_12_13_aug,GX720043.MP4,"data/raw/video/Room 1/Room 1 (10, 11, 12, 13 Aug)/GX720043.MP4","F:\temp\data\raw\video\Room 1\Room 1 (10, 11, 12, 13 Aug)\GX720043.MP4","data/raw/video/Room 1/Room 1 (10, 11, 12, 13 Aug)/GX720043.MP4",189042164,exiftool,2025-08-12T22:49:45,2025-08-12T23:39:56.008000,3011.008,1920.0,1080.0,29.97002997002997,hevc,True,aac,48000.0,2.0,ok,
media_000074,room_1,Room 1,room_1_10_11_12_13_aug,GX730043.MP4,"data/raw/video/Room 1/Room 1 (10, 11, 12, 13 Aug)/GX730043.MP4","F:\temp\data\raw\video\Room 1\Room 1 (10, 11, 12, 13 Aug)\GX730043.MP4","data/raw/video/Room 1/Room 1 (10, 11, 12, 13 Aug)/GX730043.MP4",189262302,exiftool,2025-08-12T23:39:56,2025-08-13T00:30:07.008000,3011.008,1920.0,1080.0,29.97002997002997,hevc,True,aac,48000.0,2.0,ok,
media_000075,room_1,Room 1,room_1_10_11_12_13_aug,GX740043.MP4,"data/raw/video/Room 1/Room 1 (10, 11, 12, 13 Aug)/GX740043.MP4","F:\temp\data\raw\video\Room 1\Room 1 (10, 11, 12, 13 Aug)\GX740043.MP4","data/raw/video/Room 1/Room 1 (10, 11, 12, 13 Aug)/GX740043.MP4",188799120,exiftool,2025-08-13T00:30:07,2025-08-13T01:20:18.008000,3011.008,1920.0,1080.0,29.97002997002997,hevc,True,aac,48000.0,2.0,ok,
media_000076,room_1,Room 1,room_1_10_11_12_13_aug,GX750043.MP4,"data/raw/video/Room 1/Room 1 (10, 11, 12, 13 Aug)/GX750043.MP4","F:\temp\data\raw\video\Room 1\Room 1 (10, 11, 12, 13 Aug)\GX750043.MP4","data/raw/video/Room 1/Room 1 (10, 11, 12, 13 Aug)/GX750043.MP4",189205000,exiftool,2025-08-13T01:20:18,2025-08-13T02:10:29.008000,3011.008,1920.0,1080.0,29.97002997002997,hevc,True,aac,48000.0,2.0,ok,
media_000077,room_1,Room 1,room_1_10_11_12_13_aug,GX760043.MP4,"data/raw/video/Room 1/Room 1 (10, 11, 12, 13 Aug)/GX760043.MP4","F:\temp\data\raw\video\Room 1\Room 1 (10, 11, 12, 13 Aug)\GX760043.MP4","data/raw/video/Room 1/Room 1 (10, 11, 12, 13 Aug)/GX760043.MP4",189173382,exiftool,2025-08-13T02:10:29,2025-08-13T03:00:40.008000,3011.008,1920.0,1080.0,29.97002997002997,hevc,True,aac,48000.0,2.0,ok,
media_000078,room_1,Room 1,room_1_10_11_12_13_aug,GX770043.MP4,"data/raw/video/Room 1/Room 1 (10, 11, 12, 13 Aug)/GX770043.MP4","F:\temp\data\raw\video\Room 1\Room 1 (10, 11, 12, 13 Aug)\GX770043.MP4","data/raw/video/Room 1/Room 1 (10, 11, 12, 13 Aug)/GX770043.MP4",187837734,exiftool,2025-08-13T03:00:40,2025-08-13T03:50:51.008000,3011.008,1920.0,1080.0,29.97002997002997,hevc,True,aac,48000.0,2.0,ok,
media_000079,room_1,Room 1,room_1_10_11_12_13_aug,GX780043.MP4,"data/raw/video/Room 1/Room 1 (10, 11, 12, 13 Aug)/GX780043.MP4","F:\temp\data\raw\video\Room 1\Room 1 (10, 11, 12, 13 Aug)\GX780043.MP4","data/raw/video/Room 1/Room 1 (10, 11, 12, 13 Aug)/GX780043.MP4",188523989,exiftool,2025-08-13T03:50:51,2025-08-13T04:41:02.008000,3011.008,1920.0,1080.0,29.97002997002997,hevc,True,aac,48000.0,2.0,ok,
media_000080,room_1,Room 1,room_1_10_11_12_13_aug,GX790043.MP4,"data/raw/video/Room 1/Room 1 (10, 11, 12, 13 Aug)/GX790043.MP4","F:\temp\data\raw\video\Room 1\Room 1 (10, 11, 12, 13 Aug)\GX790043.MP4","data/raw/video/Room 1/Room 1 (10, 11, 12, 13 Aug)/GX790043.MP4",191151113,exiftool,2025-08-13T04:41:02,2025-08-13T05:31:13.008000,3011.008,1920.0,1080.0,29.97002997002997,hevc,True,aac,48000.0,2.0,ok,
media_000081,room_1,Room 1,room_1_10_11_12_13_aug,GX800043.MP4,"data/raw/video/Room 1/Room 1 (10, 11, 12, 13 Aug)/GX800043.MP4","F:\temp\data\raw\video\Room 1\Room 1 (10, 11, 12, 13 Aug)\GX800043.MP4","data/raw/video/Room 1/Room 1 (10, 11, 12, 13 Aug)/GX800043.MP4",193309251,exiftool,2025-08-13T05:31:13,2025-08-13T06:21:24.008000,3011.008,1920.0,1080.0,29.97002997002997,hevc,True,aac,48000.0,2.0,ok,
media_000082,room_1,Room 1,room_1_10_11_12_13_aug,GX810043.MP4,"data/raw/video/Room 1/Room 1 (10, 11, 12, 13 Aug)/GX810043.MP4","F:\temp\data\raw\video\Room 1\Room 1 (10, 11, 12, 13 Aug)\GX810043.MP4","data/raw/video/Room 1/Room 1 (10, 11, 12, 13 Aug)/GX810043.MP4",239522712,exiftool,2025-08-13T06:21:24,2025-08-13T07:11:35.008000,3011.008,1920.0,1080.0,29.97002997002997,hevc,True,aac,48000.0,2.0,ok,
media_000083,room_1,Room 1,room_1_10_11_12_13_aug,GX820043.MP4,"data/raw/video/Room 1/Room 1 (10, 11, 12, 13 Aug)/GX820043.MP4","F:\temp\data\raw\video\Room 1\Room 1 (10, 11, 12, 13 Aug)\GX820043.MP4","data/raw/video/Room 1/Room 1 (10, 11, 12, 13 Aug)/GX820043.MP4",496830302,exiftool,2025-08-13T07:11:35,2025-08-13T08:01:46.008000,3011.008,1920.0,1080.0,29.97002997002997,hevc,True,aac,48000.0,2.0,ok,
media_000084,room_1,Room 1,room_1_10_11_12_13_aug,GX830043.MP4,"data/raw/video/Room 1/Room 1 (10, 11, 12, 13 Aug)/GX830043.MP4","F:\temp\data\raw\video\Room 1\Room 1 (10, 11, 12, 13 Aug)\GX830043.MP4","data/raw/video/Room 1/Room 1 (10, 11, 12, 13 Aug)/GX830043.MP4",486694372,exiftool,2025-08-13T08:01:46,2025-08-13T08:51:57.008000,3011.008,1920.0,1080.0,29.97002997002997,hevc,True,aac,48000.0,2.0,ok,
media_000085,room_1,Room 1,room_1_10_11_12_13_aug,GX840043.MP4,"data/raw/video/Room 1/Room 1 (10, 11, 12, 13 Aug)/GX840043.MP4","F:\temp\data\raw\video\Room 1\Room 1 (10, 11, 12, 13 Aug)\GX840043.MP4","data/raw/video/Room 1/Room 1 (10, 11, 12, 13 Aug)/GX840043.MP4",488825085,exiftool,2025-08-13T08:51:57,2025-08-13T09:42:08.008000,3011.008,1920.0,1080.0,29.97002997002997,hevc,True,aac,48000.0,2.0,ok,
media_000086,room_1,Room 1,room_1_10_11_12_13_aug,GX850043.MP4,"data/raw/video/Room 1/Room 1 (10, 11, 12, 13 Aug)/GX850043.MP4","F:\temp\data\raw\video\Room 1\Room 1 (10, 11, 12, 13 Aug)\GX850043.MP4","data/raw/video/Room 1/Room 1 (10, 11, 12, 13 Aug)/GX850043.MP4",475546211,exiftool,2025-08-13T09:42:08,2025-08-13T10:32:19.008000,3011.008,1920.0,1080.0,29.97002997002997,hevc,True,aac,48000.0,2.0,ok,
media_000087,room_1,Room 1,room_1_10_11_12_13_aug,GX860043.MP4,"data/raw/video/Room 1/Room 1 (10, 11, 12, 13 Aug)/GX860043.MP4","F:\temp\data\raw\video\Room 1\Room 1 (10, 11, 12, 13 Aug)\GX860043.MP4","data/raw/video/Room 1/Room 1 (10, 11, 12, 13 Aug)/GX860043.MP4",469104412,exiftool,2025-08-13T10:32:19,2025-08-13T11:22:30.008000,3011.008,1920.0,1080.0,29.97002997002997,hevc,True,aac,48000.0,2.0,ok,
media_000088,room_1,Room 1,room_1_10_11_12_13_aug,GX870043.MP4,"data/raw/video/Room 1/Room 1 (10, 11, 12, 13 Aug)/GX870043.MP4","F:\temp\data\raw\video\Room 1\Room 1 (10, 11, 12, 13 Aug)\GX870043.MP4","data/raw/video/Room 1/Room 1 (10, 11, 12, 13 Aug)/GX870043.MP4",473751323,exiftool,2025-08-13T11:22:30,2025-08-13T12:12:41.008000,3011.008,1920.0,1080.0,29.97002997002997,hevc,True,aac,48000.0,2.0,ok,
media_000089,room_1,Room 1,room_1_10_11_12_13_aug,GX880043.MP4,"data/raw/video/Room 1/Room 1 (10, 11, 12, 13 Aug)/GX880043.MP4","F:\temp\data\raw\video\Room 1\Room 1 (10, 11, 12, 13 Aug)\GX880043.MP4","data/raw/video/Room 1/Room 1 (10, 11, 12, 13 Aug)/GX880043.MP4",476035592,exiftool,2025-08-13T12:12:41,2025-08-13T13:02:52.008000,3011.008,1920.0,1080.0,29.97002997002997,hevc,True,aac,48000.0,2.0,ok,
media_000090,room_1,Room 1,room_1_10_11_12_13_aug,GX890043.MP4,"data/raw/video/Room 1/Room 1 (10, 11, 12, 13 Aug)/GX890043.MP4","F:\temp\data\raw\video\Room 1\Room 1 (10, 11, 12, 13 Aug)\GX890043.MP4","data/raw/video/Room 1/Room 1 (10, 11, 12, 13 Aug)/GX890043.MP4",463169531,exiftool,2025-08-13T13:02:52,2025-08-13T13:53:03.008000,3011.008,1920.0,1080.0,29.97002997002997,hevc,True,aac,48000.0,2.0,ok,
media_000091,room_1,Room 1,room_1_10_11_12_13_aug,GX900043.MP4,"data/raw/video/Room 1/Room 1 (10, 11, 12, 13 Aug)/GX900043.MP4","F:\temp\data\raw\video\Room 1\Room 1 (10, 11, 12, 13 Aug)\GX900043.MP4","data/raw/video/Room 1/Room 1 (10, 11, 12, 13 Aug)/GX900043.MP4",431796232,exiftool,2025-08-13T13:53:03,2025-08-13T14:37:56.674667,2693.674667,1920.0,1080.0,29.97002997002997,hevc,True,aac,48000.0,2.0,ok,
media_000092,room_1,Room 1,room_1_13_14_15_aug,GX010044.MP4,"data/raw/video/Room 1/Room 1 (13, 14, 15 Aug)/GX010044.MP4","F:\temp\data\raw\video\Room 1\Room 1 (13, 14, 15 Aug)\GX010044.MP4","data/raw/video/Room 1/Room 1 (13, 14, 15 Aug)/GX010044.MP4",747070574,exiftool,2025-08-13T15:01:39,2025-08-13T15:51:50.008000,3011.008,1920.0,1080.0,29.97002997002997,hevc,True,aac,48000.0,2.0,ok,
media_000093,room_1,Room 1,room_1_13_14_15_aug,GX020044.MP4,"data/raw/video/Room 1/Room 1 (13, 14, 15 Aug)/GX020044.MP4","F:\temp\data\raw\video\Room 1\Room 1 (13, 14, 15 Aug)\GX020044.MP4","data/raw/video/Room 1/Room 1 (13, 14, 15 Aug)/GX020044.MP4",736925404,exiftool,2025-08-13T15:51:52,2025-08-13T16:42:03.008000,3011.008,1920.0,1080.0,29.97002997002997,hevc,True,aac,48000.0,2.0,ok,
media_000094,room_1,Room 1,room_1_13_14_15_aug,GX030044.MP4,"data/raw/video/Room 1/Room 1 (13, 14, 15 Aug)/GX030044.MP4","F:\temp\data\raw\video\Room 1\Room 1 (13, 14, 15 Aug)\GX030044.MP4","data/raw/video/Room 1/Room 1 (13, 14, 15 Aug)/GX030044.MP4",424505185,exiftool,2025-08-13T16:42:03,2025-08-13T17:32:14.008000,3011.008,1920.0,1080.0,29.97002997002997,hevc,True,aac,48000.0,2.0,ok,
media_000095,room_1,Room 1,room_1_13_14_15_aug,GX040044.MP4,"data/raw/video/Room 1/Room 1 (13, 14, 15 Aug)/GX040044.MP4","F:\temp\data\raw\video\Room 1\Room 1 (13, 14, 15 Aug)\GX040044.MP4","data/raw/video/Room 1/Room 1 (13, 14, 15 Aug)/GX040044.MP4",188139663,exiftool,2025-08-13T17:32:14,2025-08-13T18:22:25.008000,3011.008,1920.0,1080.0,29.97002997002997,hevc,True,aac,48000.0,2.0,ok,
media_000096,room_1,Room 1,room_1_13_14_15_aug,GX050044.MP4,"data/raw/video/Room 1/Room 1 (13, 14, 15 Aug)/GX050044.MP4","F:\temp\data\raw\video\Room 1\Room 1 (13, 14, 15 Aug)\GX050044.MP4","data/raw/video/Room 1/Room 1 (13, 14, 15 Aug)/GX050044.MP4",188767071,exiftool,2025-08-13T18:22:25,2025-08-13T19:12:36.008000,3011.008,1920.0,1080.0,29.97002997002997,hevc,True,aac,48000.0,2.0,ok,
media_000097,room_1,Room 1,room_1_13_14_15_aug,GX060044.MP4,"data/raw/video/Room 1/Room 1 (13, 14, 15 Aug)/GX060044.MP4","F:\temp\data\raw\video\Room 1\Room 1 (13, 14, 15 Aug)\GX060044.MP4","data/raw/video/Room 1/Room 1 (13, 14, 15 Aug)/GX060044.MP4",190098302,exiftool,2025-08-13T19:12:36,2025-08-13T20:02:47.008000,3011.008,1920.0,1080.0,29.97002997002997,hevc,True,aac,48000.0,2.0,ok,
media_000098,room_1,Room 1,room_1_13_14_15_aug,GX070044.MP4,"data/raw/video/Room 1/Room 1 (13, 14, 15 Aug)/GX070044.MP4","F:\temp\data\raw\video\Room 1\Room 1 (13, 14, 15 Aug)\GX070044.MP4","data/raw/video/Room 1/Room 1 (13, 14, 15 Aug)/GX070044.MP4",187891195,exiftool,2025-08-13T20:02:47,2025-08-13T20:52:58.008000,3011.008,1920.0,1080.0,29.97002997002997,hevc,True,aac,48000.0,2.0,ok,
media_000099,room_1,Room 1,room_1_13_14_15_aug,GX080044.MP4,"data/raw/video/Room 1/Room 1 (13, 14, 15 Aug)/GX080044.MP4","F:\temp\data\raw\video\Room 1\Room 1 (13, 14, 15 Aug)\GX080044.MP4","data/raw/video/Room 1/Room 1 (13, 14, 15 Aug)/GX080044.MP4",188483882,exiftool,2025-08-13T20:52:58,2025-08-13T21:43:09.008000,3011.008,1920.0,1080.0,29.97002997002997,hevc,True,aac,48000.0,2.0,ok,
media_000100,room_1,Room 1,room_1_13_14_15_aug,GX090044.MP4,"data/raw/video/Room 1/Room 1 (13, 14, 15 Aug)/GX090044.MP4","F:\temp\data\raw\video\Room 1\Room 1 (13, 14, 15 Aug)\GX090044.MP4","data/raw/video/Room 1/Room 1 (13, 14, 15 Aug)/GX090044.MP4",189690558,exiftool,2025-08-13T21:43:09,2025-08-13T22:33:20.008000,3011.008,1920.0,1080.0,29.97002997002997,hevc,True,aac,48000.0,2.0,ok,
media_000101,room_1,Room 1,room_1_13_14_15_aug,GX100044.MP4,"data/raw/video/Room 1/Room 1 (13, 14, 15 Aug)/GX100044.MP4","F:\temp\data\raw\video\Room 1\Room 1 (13, 14, 15 Aug)\GX100044.MP4","data/raw/video/Room 1/Room 1 (13, 14, 15 Aug)/GX100044.MP4",189162741,exiftool,2025-08-13T22:33:20,2025-08-13T23:23:31.008000,3011.008,1920.0,1080.0,29.97002997002997,hevc,True,aac,48000.0,2.0,ok,
media_000102,room_1,Room 1,room_1_13_14_15_aug,GX110044.MP4,"data/raw/video/Room 1/Room 1 (13, 14, 15 Aug)/GX110044.MP4","F:\temp\data\raw\video\Room 1\Room 1 (13, 14, 15 Aug)\GX110044.MP4","data/raw/video/Room 1/Room 1 (13, 14, 15 Aug)/GX110044.MP4",189689243,exiftool,2025-08-13T23:23:31,2025-08-14T00:13:42.008000,3011.008,1920.0,1080.0,29.97002997002997,hevc,True,aac,48000.0,2.0,ok,
media_000103,room_1,Room 1,room_1_13_14_15_aug,GX120044.MP4,"data/raw/video/Room 1/Room 1 (13, 14, 15 Aug)/GX120044.MP4","F:\temp\data\raw\video\Room 1\Room 1 (13, 14, 15 Aug)\GX120044.MP4","data/raw/video/Room 1/Room 1 (13, 14, 15 Aug)/GX120044.MP4",189938890,exiftool,2025-08-14T00:13:42,2025-08-14T01:03:53.008000,3011.008,1920.0,1080.0,29.97002997002997,hevc,True,aac,48000.0,2.0,ok,
media_000104,room_1,Room 1,room_1_13_14_15_aug,GX130044.MP4,"data/raw/video/Room 1/Room 1 (13, 14, 15 Aug)/GX130044.MP4","F:\temp\data\raw\video\Room 1\Room 1 (13, 14, 15 Aug)\GX130044.MP4","data/raw/video/Room 1/Room 1 (13, 14, 15 Aug)/GX130044.MP4",190304914,exiftool,2025-08-14T01:03:53,2025-08-14T01:54:04.008000,3011.008,1920.0,1080.0,29.97002997002997,hevc,True,aac,48000.0,2.0,ok,
media_000105,room_1,Room 1,room_1_13_14_15_aug,GX140044.MP4,"data/raw/video/Room 1/Room 1 (13, 14, 15 Aug)/GX140044.MP4","F:\temp\data\raw\video\Room 1\Room 1 (13, 14, 15 Aug)\GX140044.MP4","data/raw/video/Room 1/Room 1 (13, 14, 15 Aug)/GX140044.MP4",190714223,exiftool,2025-08-14T01:54:04,2025-08-14T02:44:15.008000,3011.008,1920.0,1080.0,29.97002997002997,hevc,True,aac,48000.0,2.0,ok,
media_000106,room_1,Room 1,room_1_13_14_15_aug,GX150044.MP4,"data/raw/video/Room 1/Room 1 (13, 14, 15 Aug)/GX150044.MP4","F:\temp\data\raw\video\Room 1\Room 1 (13, 14, 15 Aug)\GX150044.MP4","data/raw/video/Room 1/Room 1 (13, 14, 15 Aug)/GX150044.MP4",190967178,exiftool,2025-08-14T02:44:15,2025-08-14T03:34:26.008000,3011.008,1920.0,1080.0,29.97002997002997,hevc,True,aac,48000.0,2.0,ok,
media_000107,room_1,Room 1,room_1_13_14_15_aug,GX160044.MP4,"data/raw/video/Room 1/Room 1 (13, 14, 15 Aug)/GX160044.MP4","F:\temp\data\raw\video\Room 1\Room 1 (13, 14, 15 Aug)\GX160044.MP4","data/raw/video/Room 1/Room 1 (13, 14, 15 Aug)/GX160044.MP4",191283053,exiftool,2025-08-14T03:34:26,2025-08-14T04:24:37.008000,3011.008,1920.0,1080.0,29.97002997002997,hevc,True,aac,48000.0,2.0,ok,
media_000108,room_1,Room 1,room_1_13_14_15_aug,GX170044.MP4,"data/raw/video/Room 1/Room 1 (13, 14, 15 Aug)/GX170044.MP4","F:\temp\data\raw\video\Room 1\Room 1 (13, 14, 15 Aug)\GX170044.MP4","data/raw/video/Room 1/Room 1 (13, 14, 15 Aug)/GX170044.MP4",191135455,exiftool,2025-08-14T04:24:37,2025-08-14T05:14:48.008000,3011.008,1920.0,1080.0,29.97002997002997,hevc,True,aac,48000.0,2.0,ok,
media_000109,room_1,Room 1,room_1_13_14_15_aug,GX180044.MP4,"data/raw/video/Room 1/Room 1 (13, 14, 15 Aug)/GX180044.MP4","F:\temp\data\raw\video\Room 1\Room 1 (13, 14, 15 Aug)\GX180044.MP4","data/raw/video/Room 1/Room 1 (13, 14, 15 Aug)/GX180044.MP4",190779625,exiftool,2025-08-14T05:14:48,2025-08-14T06:04:59.008000,3011.008,1920.0,1080.0,29.97002997002997,hevc,True,aac,48000.0,2.0,ok,
media_000110,room_1,Room 1,room_1_13_14_15_aug,GX190044.MP4,"data/raw/video/Room 1/Room 1 (13, 14, 15 Aug)/GX190044.MP4","F:\temp\data\raw\video\Room 1\Room 1 (13, 14, 15 Aug)\GX190044.MP4","data/raw/video/Room 1/Room 1 (13, 14, 15 Aug)/GX190044.MP4",191395642,exiftool,2025-08-14T06:04:59,2025-08-14T06:55:10.008000,3011.008,1920.0,1080.0,29.97002997002997,hevc,True,aac,48000.0,2.0,ok,
media_000111,room_1,Room 1,room_1_13_14_15_aug,GX200044.MP4,"data/raw/video/Room 1/Room 1 (13, 14, 15 Aug)/GX200044.MP4","F:\temp\data\raw\video\Room 1\Room 1 (13, 14, 15 Aug)\GX200044.MP4","data/raw/video/Room 1/Room 1 (13, 14, 15 Aug)/GX200044.MP4",500949420,exiftool,2025-08-14T06:55:10,2025-08-14T07:45:21.008000,3011.008,1920.0,1080.0,29.97002997002997,hevc,True,aac,48000.0,2.0,ok,
media_000112,room_1,Room 1,room_1_13_14_15_aug,GX210044.MP4,"data/raw/video/Room 1/Room 1 (13, 14, 15 Aug)/GX210044.MP4","F:\temp\data\raw\video\Room 1\Room 1 (13, 14, 15 Aug)\GX210044.MP4","data/raw/video/Room 1/Room 1 (13, 14, 15 Aug)/GX210044.MP4",560955700,exiftool,2025-08-14T07:45:21,2025-08-14T08:35:32.008000,3011.008,1920.0,1080.0,29.97002997002997,hevc,True,aac,48000.0,2.0,ok,
media_000113,room_1,Room 1,room_1_13_14_15_aug,GX220044.MP4,"data/raw/video/Room 1/Room 1 (13, 14, 15 Aug)/GX220044.MP4","F:\temp\data\raw\video\Room 1\Room 1 (13, 14, 15 Aug)\GX220044.MP4","data/raw/video/Room 1/Room 1 (13, 14, 15 Aug)/GX220044.MP4",546086955,exiftool,2025-08-14T08:35:32,2025-08-14T09:25:43.008000,3011.008,1920.0,1080.0,29.97002997002997,hevc,True,aac,48000.0,2.0,ok,
media_000114,room_1,Room 1,room_1_13_14_15_aug,GX230044.MP4,"data/raw/video/Room 1/Room 1 (13, 14, 15 Aug)/GX230044.MP4","F:\temp\data\raw\video\Room 1\Room 1 (13, 14, 15 Aug)\GX230044.MP4","data/raw/video/Room 1/Room 1 (13, 14, 15 Aug)/GX230044.MP4",558945152,exiftool,2025-08-14T09:25:43,2025-08-14T10:15:54.008000,3011.008,1920.0,1080.0,29.97002997002997,hevc,True,aac,48000.0,2.0,ok,
media_000115,room_1,Room 1,room_1_13_14_15_aug,GX240044.MP4,"data/raw/video/Room 1/Room 1 (13, 14, 15 Aug)/GX240044.MP4","F:\temp\data\raw\video\Room 1\Room 1 (13, 14, 15 Aug)\GX240044.MP4","data/raw/video/Room 1/Room 1 (13, 14, 15 Aug)/GX240044.MP4",548264124,exiftool,2025-08-14T10:15:54,2025-08-14T11:06:05.008000,3011.008,1920.0,1080.0,29.97002997002997,hevc,True,aac,48000.0,2.0,ok,
media_000116,room_1,Room 1,room_1_13_14_15_aug,GX250044.MP4,"data/raw/video/Room 1/Room 1 (13, 14, 15 Aug)/GX250044.MP4","F:\temp\data\raw\video\Room 1\Room 1 (13, 14, 15 Aug)\GX250044.MP4","data/raw/video/Room 1/Room 1 (13, 14, 15 Aug)/GX250044.MP4",564360537,exiftool,2025-08-14T11:06:05,2025-08-14T11:56:16.008000,3011.008,1920.0,1080.0,29.97002997002997,hevc,True,aac,48000.0,2.0,ok,
media_000117,room_1,Room 1,room_1_13_14_15_aug,GX260044.MP4,"data/raw/video/Room 1/Room 1 (13, 14, 15 Aug)/GX260044.MP4","F:\temp\data\raw\video\Room 1\Room 1 (13, 14, 15 Aug)\GX260044.MP4","data/raw/video/Room 1/Room 1 (13, 14, 15 Aug)/GX260044.MP4",562672800,exiftool,2025-08-14T11:56:16,2025-08-14T12:46:27.008000,3011.008,1920.0,1080.0,29.97002997002997,hevc,True,aac,48000.0,2.0,ok,
media_000118,room_1,Room 1,room_1_13_14_15_aug,GX270044.MP4,"data/raw/video/Room 1/Room 1 (13, 14, 15 Aug)/GX270044.MP4","F:\temp\data\raw\video\Room 1\Room 1 (13, 14, 15 Aug)\GX270044.MP4","data/raw/video/Room 1/Room 1 (13, 14, 15 Aug)/GX270044.MP4",542044609,exiftool,2025-08-14T12:46:27,2025-08-14T13:36:38.008000,3011.008,1920.0,1080.0,29.97002997002997,hevc,True,aac,48000.0,2.0,ok,
media_000119,room_1,Room 1,room_1_13_14_15_aug,GX280044.MP4,"data/raw/video/Room 1/Room 1 (13, 14, 15 Aug)/GX280044.MP4","F:\temp\data\raw\video\Room 1\Room 1 (13, 14, 15 Aug)\GX280044.MP4","data/raw/video/Room 1/Room 1 (13, 14, 15 Aug)/GX280044.MP4",570913834,exiftool,2025-08-14T13:36:38,2025-08-14T14:26:49.008000,3011.008,1920.0,1080.0,29.97002997002997,hevc,True,aac,48000.0,2.0,ok,
media_000120,room_1,Room 1,room_1_13_14_15_aug,GX290044.MP4,"data/raw/video/Room 1/Room 1 (13, 14, 15 Aug)/GX290044.MP4","F:\temp\data\raw\video\Room 1\Room 1 (13, 14, 15 Aug)\GX290044.MP4","data/raw/video/Room 1/Room 1 (13, 14, 15 Aug)/GX290044.MP4",544779635,exiftool,2025-08-14T14:26:49,2025-08-14T15:17:00.008000,3011.008,1920.0,1080.0,29.97002997002997,hevc,True,aac,48000.0,2.0,ok,
media_000121,room_1,Room 1,room_1_13_14_15_aug,GX300044.MP4,"data/raw/video/Room 1/Room 1 (13, 14, 15 Aug)/GX300044.MP4","F:\temp\data\raw\video\Room 1\Room 1 (13, 14, 15 Aug)\GX300044.MP4","data/raw/video/Room 1/Room 1 (13, 14, 15 Aug)/GX300044.MP4",564616985,exiftool,2025-08-14T15:17:00,2025-08-14T16:07:11.008000,3011.008,1920.0,1080.0,29.97002997002997,hevc,True,aac,48000.0,2.0,ok,
media_000122,room_1,Room 1,room_1_13_14_15_aug,GX310044.MP4,"data/raw/video/Room 1/Room 1 (13, 14, 15 Aug)/GX310044.MP4","F:\temp\data\raw\video\Room 1\Room 1 (13, 14, 15 Aug)\GX310044.MP4","data/raw/video/Room 1/Room 1 (13, 14, 15 Aug)/GX310044.MP4",586829707,exiftool,2025-08-14T16:07:11,2025-08-14T16:57:22.008000,3011.008,1920.0,1080.0,29.97002997002997,hevc,True,aac,48000.0,2.0,ok,
media_000123,room_1,Room 1,room_1_13_14_15_aug,GX320044.MP4,"data/raw/video/Room 1/Room 1 (13, 14, 15 Aug)/GX320044.MP4","F:\temp\data\raw\video\Room 1\Room 1 (13, 14, 15 Aug)\GX320044.MP4","data/raw/video/Room 1/Room 1 (13, 14, 15 Aug)/GX320044.MP4",245502778,exiftool,2025-08-14T16:57:22,2025-08-14T17:47:33.008000,3011.008,1920.0,1080.0,29.97002997002997,hevc,True,aac,48000.0,2.0,ok,
media_000124,room_1,Room 1,room_1_13_14_15_aug,GX330044.MP4,"data/raw/video/Room 1/Room 1 (13, 14, 15 Aug)/GX330044.MP4","F:\temp\data\raw\video\Room 1\Room 1 (13, 14, 15 Aug)\GX330044.MP4","data/raw/video/Room 1/Room 1 (13, 14, 15 Aug)/GX330044.MP4",189054322,exiftool,2025-08-14T17:47:33,2025-08-14T18:37:44.008000,3011.008,1920.0,1080.0,29.97002997002997,hevc,True,aac,48000.0,2.0,ok,
media_000125,room_1,Room 1,room_1_13_14_15_aug,GX340044.MP4,"data/raw/video/Room 1/Room 1 (13, 14, 15 Aug)/GX340044.MP4","F:\temp\data\raw\video\Room 1\Room 1 (13, 14, 15 Aug)\GX340044.MP4","data/raw/video/Room 1/Room 1 (13, 14, 15 Aug)/GX340044.MP4",190782382,exiftool,2025-08-14T18:37:44,2025-08-14T19:27:55.008000,3011.008,1920.0,1080.0,29.97002997002997,hevc,True,aac,48000.0,2.0,ok,
media_000126,room_1,Room 1,room_1_13_14_15_aug,GX350044.MP4,"data/raw/video/Room 1/Room 1 (13, 14, 15 Aug)/GX350044.MP4","F:\temp\data\raw\video\Room 1\Room 1 (13, 14, 15 Aug)\GX350044.MP4","data/raw/video/Room 1/Room 1 (13, 14, 15 Aug)/GX350044.MP4",186951671,exiftool,2025-08-14T19:27:55,2025-08-14T20:18:06.008000,3011.008,1920.0,1080.0,29.97002997002997,hevc,True,aac,48000.0,2.0,ok,
media_000127,room_1,Room 1,room_1_13_14_15_aug,GX360044.MP4,"data/raw/video/Room 1/Room 1 (13, 14, 15 Aug)/GX360044.MP4","F:\temp\data\raw\video\Room 1\Room 1 (13, 14, 15 Aug)\GX360044.MP4","data/raw/video/Room 1/Room 1 (13, 14, 15 Aug)/GX360044.MP4",188981236,exiftool,2025-08-14T20:18:06,2025-08-14T21:08:17.008000,3011.008,1920.0,1080.0,29.97002997002997,hevc,True,aac,48000.0,2.0,ok,
media_000128,room_1,Room 1,room_1_13_14_15_aug,GX370044.MP4,"data/raw/video/Room 1/Room 1 (13, 14, 15 Aug)/GX370044.MP4","F:\temp\data\raw\video\Room 1\Room 1 (13, 14, 15 Aug)\GX370044.MP4","data/raw/video/Room 1/Room 1 (13, 14, 15 Aug)/GX370044.MP4",188750891,exiftool,2025-08-14T21:08:18,2025-08-14T21:58:29.008000,3011.008,1920.0,1080.0,29.97002997002997,hevc,True,aac,48000.0,2.0,ok,
media_000129,room_1,Room 1,room_1_13_14_15_aug,GX380044.MP4,"data/raw/video/Room 1/Room 1 (13, 14, 15 Aug)/GX380044.MP4","F:\temp\data\raw\video\Room 1\Room 1 (13, 14, 15 Aug)\GX380044.MP4","data/raw/video/Room 1/Room 1 (13, 14, 15 Aug)/GX380044.MP4",188181965,exiftool,2025-08-14T21:58:29,2025-08-14T22:48:40.008000,3011.008,1920.0,1080.0,29.97002997002997,hevc,True,aac,48000.0,2.0,ok,
media_000130,room_1,Room 1,room_1_13_14_15_aug,GX390044.MP4,"data/raw/video/Room 1/Room 1 (13, 14, 15 Aug)/GX390044.MP4","F:\temp\data\raw\video\Room 1\Room 1 (13, 14, 15 Aug)\GX390044.MP4","data/raw/video/Room 1/Room 1 (13, 14, 15 Aug)/GX390044.MP4",189123375,exiftool,2025-08-14T22:48:40,2025-08-14T23:38:51.008000,3011.008,1920.0,1080.0,29.97002997002997,hevc,True,aac,48000.0,2.0,ok,
media_000131,room_1,Room 1,room_1_13_14_15_aug,GX400044.MP4,"data/raw/video/Room 1/Room 1 (13, 14, 15 Aug)/GX400044.MP4","F:\temp\data\raw\video\Room 1\Room 1 (13, 14, 15 Aug)\GX400044.MP4","data/raw/video/Room 1/Room 1 (13, 14, 15 Aug)/GX400044.MP4",188031574,exiftool,2025-08-14T23:38:51,2025-08-15T00:29:02.008000,3011.008,1920.0,1080.0,29.97002997002997,hevc,True,aac,48000.0,2.0,ok,
media_000132,room_1,Room 1,room_1_13_14_15_aug,GX410044.MP4,"data/raw/video/Room 1/Room 1 (13, 14, 15 Aug)/GX410044.MP4","F:\temp\data\raw\video\Room 1\Room 1 (13, 14, 15 Aug)\GX410044.MP4","data/raw/video/Room 1/Room 1 (13, 14, 15 Aug)/GX410044.MP4",108527616,file_mtime_fallback,2026-05-25T18:32:27.775652-03:00,,,,,,,False,,,,failed,"ffprobe_failed:[mov,mp4,m4a,3gp,3g2,mj2 @ 0000022336160240] moov atom not found
F:\temp\data\raw\video\Room 1\Room 1 (13, 14, 15 Aug)\GX410044.MP4: Invalid data found when processing input;timestamp_source=file_mtime_fallback"
media_000133,room_1,Room 1,room_1_16_17_aug,GX010044.MP4,"data/raw/video/Room 1/Room 1 (16, 17 Aug)/GX010044.MP4","F:\temp\data\raw\video\Room 1\Room 1 (16, 17 Aug)\GX010044.MP4","data/raw/video/Room 1/Room 1 (16, 17 Aug)/GX010044.MP4",176249608,exiftool,2025-08-16T06:00:03,2025-08-16T06:50:14.008000,3011.008,1920.0,1080.0,29.97002997002997,hevc,True,aac,48000.0,2.0,ok,
media_000134,room_1,Room 1,room_1_16_17_aug,GX020044.MP4,"data/raw/video/Room 1/Room 1 (16, 17 Aug)/GX020044.MP4","F:\temp\data\raw\video\Room 1\Room 1 (16, 17 Aug)\GX020044.MP4","data/raw/video/Room 1/Room 1 (16, 17 Aug)/GX020044.MP4",577422047,exiftool,2025-08-16T06:50:16,2025-08-16T07:40:27.008000,3011.008,1920.0,1080.0,29.97002997002997,hevc,True,aac,48000.0,2.0,ok,
media_000135,room_1,Room 1,room_1_16_17_aug,GX030044.MP4,"data/raw/video/Room 1/Room 1 (16, 17 Aug)/GX030044.MP4","F:\temp\data\raw\video\Room 1\Room 1 (16, 17 Aug)\GX030044.MP4","data/raw/video/Room 1/Room 1 (16, 17 Aug)/GX030044.MP4",710115417,exiftool,2025-08-16T07:40:27,2025-08-16T08:30:38.008000,3011.008,1920.0,1080.0,29.97002997002997,hevc,True,aac,48000.0,2.0,ok,
media_000136,room_1,Room 1,room_1_16_17_aug,GX040044.MP4,"data/raw/video/Room 1/Room 1 (16, 17 Aug)/GX040044.MP4","F:\temp\data\raw\video\Room 1\Room 1 (16, 17 Aug)\GX040044.MP4","data/raw/video/Room 1/Room 1 (16, 17 Aug)/GX040044.MP4",699106262,exiftool,2025-08-16T08:30:38,2025-08-16T09:20:49.008000,3011.008,1920.0,1080.0,29.97002997002997,hevc,True,aac,48000.0,2.0,ok,
media_000137,room_1,Room 1,room_1_16_17_aug,GX050044.MP4,"data/raw/video/Room 1/Room 1 (16, 17 Aug)/GX050044.MP4","F:\temp\data\raw\video\Room 1\Room 1 (16, 17 Aug)\GX050044.MP4","data/raw/video/Room 1/Room 1 (16, 17 Aug)/GX050044.MP4",692979608,exiftool,2025-08-16T09:20:49,2025-08-16T10:11:00.008000,3011.008,1920.0,1080.0,29.97002997002997,hevc,True,aac,48000.0,2.0,ok,
media_000138,room_1,Room 1,room_1_16_17_aug,GX060044.MP4,"data/raw/video/Room 1/Room 1 (16, 17 Aug)/GX060044.MP4","F:\temp\data\raw\video\Room 1\Room 1 (16, 17 Aug)\GX060044.MP4","data/raw/video/Room 1/Room 1 (16, 17 Aug)/GX060044.MP4",688740962,exiftool,2025-08-16T10:11:00,2025-08-16T11:01:11.008000,3011.008,1920.0,1080.0,29.97002997002997,hevc,True,aac,48000.0,2.0,ok,
media_000139,room_1,Room 1,room_1_16_17_aug,GX070044.MP4,"data/raw/video/Room 1/Room 1 (16, 17 Aug)/GX070044.MP4","F:\temp\data\raw\video\Room 1\Room 1 (16, 17 Aug)\GX070044.MP4","data/raw/video/Room 1/Room 1 (16, 17 Aug)/GX070044.MP4",688802214,exiftool,2025-08-16T11:01:11,2025-08-16T11:51:22.008000,3011.008,1920.0,1080.0,29.97002997002997,hevc,True,aac,48000.0,2.0,ok,
media_000140,room_1,Room 1,room_1_16_17_aug,GX080044.MP4,"data/raw/video/Room 1/Room 1 (16, 17 Aug)/GX080044.MP4","F:\temp\data\raw\video\Room 1\Room 1 (16, 17 Aug)\GX080044.MP4","data/raw/video/Room 1/Room 1 (16, 17 Aug)/GX080044.MP4",685837596,exiftool,2025-08-16T11:51:22,2025-08-16T12:41:33.008000,3011.008,1920.0,1080.0,29.97002997002997,hevc,True,aac,48000.0,2.0,ok,
media_000141,room_1,Room 1,room_1_16_17_aug,GX090044.MP4,"data/raw/video/Room 1/Room 1 (16, 17 Aug)/GX090044.MP4","F:\temp\data\raw\video\Room 1\Room 1 (16, 17 Aug)\GX090044.MP4","data/raw/video/Room 1/Room 1 (16, 17 Aug)/GX090044.MP4",688909560,exiftool,2025-08-16T12:41:33,2025-08-16T13:31:44.008000,3011.008,1920.0,1080.0,29.97002997002997,hevc,True,aac,48000.0,2.0,ok,
media_000142,room_1,Room 1,room_1_16_17_aug,GX100044.MP4,"data/raw/video/Room 1/Room 1 (16, 17 Aug)/GX100044.MP4","F:\temp\data\raw\video\Room 1\Room 1 (16, 17 Aug)\GX100044.MP4","data/raw/video/Room 1/Room 1 (16, 17 Aug)/GX100044.MP4",690376406,exiftool,2025-08-16T13:31:44,2025-08-16T14:21:55.008000,3011.008,1920.0,1080.0,29.97002997002997,hevc,True,aac,48000.0,2.0,ok,
media_000143,room_1,Room 1,room_1_16_17_aug,GX110044.MP4,"data/raw/video/Room 1/Room 1 (16, 17 Aug)/GX110044.MP4","F:\temp\data\raw\video\Room 1\Room 1 (16, 17 Aug)\GX110044.MP4","data/raw/video/Room 1/Room 1 (16, 17 Aug)/GX110044.MP4",688504691,exiftool,2025-08-16T14:21:55,2025-08-16T15:12:06.008000,3011.008,1920.0,1080.0,29.97002997002997,hevc,True,aac,48000.0,2.0,ok,
media_000144,room_1,Room 1,room_1_16_17_aug,GX120044.MP4,"data/raw/video/Room 1/Room 1 (16, 17 Aug)/GX120044.MP4","F:\temp\data\raw\video\Room 1\Room 1 (16, 17 Aug)\GX120044.MP4","data/raw/video/Room 1/Room 1 (16, 17 Aug)/GX120044.MP4",689533657,exiftool,2025-08-16T15:12:06,2025-08-16T16:02:17.008000,3011.008,1920.0,1080.0,29.97002997002997,hevc,True,aac,48000.0,2.0,ok,
media_000145,room_1,Room 1,room_1_16_17_aug,GX130044.MP4,"data/raw/video/Room 1/Room 1 (16, 17 Aug)/GX130044.MP4","F:\temp\data\raw\video\Room 1\Room 1 (16, 17 Aug)\GX130044.MP4","data/raw/video/Room 1/Room 1 (16, 17 Aug)/GX130044.MP4",698067562,exiftool,2025-08-16T16:02:17,2025-08-16T16:52:28.008000,3011.008,1920.0,1080.0,29.97002997002997,hevc,True,aac,48000.0,2.0,ok,
media_000146,room_1,Room 1,room_1_16_17_aug,GX140044.MP4,"data/raw/video/Room 1/Room 1 (16, 17 Aug)/GX140044.MP4","F:\temp\data\raw\video\Room 1\Room 1 (16, 17 Aug)\GX140044.MP4","data/raw/video/Room 1/Room 1 (16, 17 Aug)/GX140044.MP4",289935717,exiftool,2025-08-16T16:52:28,2025-08-16T17:42:39.008000,3011.008,1920.0,1080.0,29.97002997002997,hevc,True,aac,48000.0,2.0,ok,
media_000147,room_1,Room 1,room_1_16_17_aug,GX150044.MP4,"data/raw/video/Room 1/Room 1 (16, 17 Aug)/GX150044.MP4","F:\temp\data\raw\video\Room 1\Room 1 (16, 17 Aug)\GX150044.MP4","data/raw/video/Room 1/Room 1 (16, 17 Aug)/GX150044.MP4",166497896,exiftool,2025-08-16T17:42:39,2025-08-16T18:32:50.008000,3011.008,1920.0,1080.0,29.97002997002997,hevc,True,aac,48000.0,2.0,ok,
media_000148,room_1,Room 1,room_1_16_17_aug,GX160044.MP4,"data/raw/video/Room 1/Room 1 (16, 17 Aug)/GX160044.MP4","F:\temp\data\raw\video\Room 1\Room 1 (16, 17 Aug)\GX160044.MP4","data/raw/video/Room 1/Room 1 (16, 17 Aug)/GX160044.MP4",169326535,exiftool,2025-08-16T18:32:50,2025-08-16T19:23:01.008000,3011.008,1920.0,1080.0,29.97002997002997,hevc,True,aac,48000.0,2.0,ok,
media_000149,room_1,Room 1,room_1_16_17_aug,GX170044.MP4,"data/raw/video/Room 1/Room 1 (16, 17 Aug)/GX170044.MP4","F:\temp\data\raw\video\Room 1\Room 1 (16, 17 Aug)\GX170044.MP4","data/raw/video/Room 1/Room 1 (16, 17 Aug)/GX170044.MP4",171130433,exiftool,2025-08-16T19:23:01,2025-08-16T20:13:12.008000,3011.008,1920.0,1080.0,29.97002997002997,hevc,True,aac,48000.0,2.0,ok,
media_000150,room_1,Room 1,room_1_16_17_aug,GX180044.MP4,"data/raw/video/Room 1/Room 1 (16, 17 Aug)/GX180044.MP4","F:\temp\data\raw\video\Room 1\Room 1 (16, 17 Aug)\GX180044.MP4","data/raw/video/Room 1/Room 1 (16, 17 Aug)/GX180044.MP4",171893959,exiftool,2025-08-16T20:13:12,2025-08-16T21:03:23.008000,3011.008,1920.0,1080.0,29.97002997002997,hevc,True,aac,48000.0,2.0,ok,
media_000151,room_1,Room 1,room_1_16_17_aug,GX190044.MP4,"data/raw/video/Room 1/Room 1 (16, 17 Aug)/GX190044.MP4","F:\temp\data\raw\video\Room 1\Room 1 (16, 17 Aug)\GX190044.MP4","data/raw/video/Room 1/Room 1 (16, 17 Aug)/GX190044.MP4",172236928,exiftool,2025-08-16T21:03:23,2025-08-16T21:53:34.008000,3011.008,1920.0,1080.0,29.97002997002997,hevc,True,aac,48000.0,2.0,ok,
media_000152,room_1,Room 1,room_1_16_17_aug,GX200044.MP4,"data/raw/video/Room 1/Room 1 (16, 17 Aug)/GX200044.MP4","F:\temp\data\raw\video\Room 1\Room 1 (16, 17 Aug)\GX200044.MP4","data/raw/video/Room 1/Room 1 (16, 17 Aug)/GX200044.MP4",170320895,exiftool,2025-08-16T21:53:34,2025-08-16T22:43:45.008000,3011.008,1920.0,1080.0,29.97002997002997,hevc,True,aac,48000.0,2.0,ok,
media_000153,room_1,Room 1,room_1_16_17_aug,GX210044.MP4,"data/raw/video/Room 1/Room 1 (16, 17 Aug)/GX210044.MP4","F:\temp\data\raw\video\Room 1\Room 1 (16, 17 Aug)\GX210044.MP4","data/raw/video/Room 1/Room 1 (16, 17 Aug)/GX210044.MP4",171630294,exiftool,2025-08-16T22:43:45,2025-08-16T23:33:56.008000,3011.008,1920.0,1080.0,29.97002997002997,hevc,True,aac,48000.0,2.0,ok,
media_000154,room_1,Room 1,room_1_16_17_aug,GX220044.MP4,"data/raw/video/Room 1/Room 1 (16, 17 Aug)/GX220044.MP4","F:\temp\data\raw\video\Room 1\Room 1 (16, 17 Aug)\GX220044.MP4","data/raw/video/Room 1/Room 1 (16, 17 Aug)/GX220044.MP4",173113336,exiftool,2025-08-16T23:33:56,2025-08-17T00:24:07.008000,3011.008,1920.0,1080.0,29.97002997002997,hevc,True,aac,48000.0,2.0,ok,
media_000155,room_1,Room 1,room_1_16_17_aug,GX230044.MP4,"data/raw/video/Room 1/Room 1 (16, 17 Aug)/GX230044.MP4","F:\temp\data\raw\video\Room 1\Room 1 (16, 17 Aug)\GX230044.MP4","data/raw/video/Room 1/Room 1 (16, 17 Aug)/GX230044.MP4",172873858,exiftool,2025-08-17T00:24:07,2025-08-17T01:14:18.008000,3011.008,1920.0,1080.0,29.97002997002997,hevc,True,aac,48000.0,2.0,ok,
media_000156,room_1,Room 1,room_1_16_17_aug,GX240044.MP4,"data/raw/video/Room 1/Room 1 (16, 17 Aug)/GX240044.MP4","F:\temp\data\raw\video\Room 1\Room 1 (16, 17 Aug)\GX240044.MP4","data/raw/video/Room 1/Room 1 (16, 17 Aug)/GX240044.MP4",171036665,exiftool,2025-08-17T01:14:18,2025-08-17T02:04:29.008000,3011.008,1920.0,1080.0,29.97002997002997,hevc,True,aac,48000.0,2.0,ok,
media_000157,room_1,Room 1,room_1_16_17_aug,GX250044.MP4,"data/raw/video/Room 1/Room 1 (16, 17 Aug)/GX250044.MP4","F:\temp\data\raw\video\Room 1\Room 1 (16, 17 Aug)\GX250044.MP4","data/raw/video/Room 1/Room 1 (16, 17 Aug)/GX250044.MP4",174408778,exiftool,2025-08-17T02:04:29,2025-08-17T02:54:40.008000,3011.008,1920.0,1080.0,29.97002997002997,hevc,True,aac,48000.0,2.0,ok,
media_000158,room_1,Room 1,room_1_16_17_aug,GX260044.MP4,"data/raw/video/Room 1/Room 1 (16, 17 Aug)/GX260044.MP4","F:\temp\data\raw\video\Room 1\Room 1 (16, 17 Aug)\GX260044.MP4","data/raw/video/Room 1/Room 1 (16, 17 Aug)/GX260044.MP4",175156629,exiftool,2025-08-17T02:54:40,2025-08-17T03:44:51.008000,3011.008,1920.0,1080.0,29.97002997002997,hevc,True,aac,48000.0,2.0,ok,
media_000159,room_1,Room 1,room_1_16_17_aug,GX270044.MP4,"data/raw/video/Room 1/Room 1 (16, 17 Aug)/GX270044.MP4","F:\temp\data\raw\video\Room 1\Room 1 (16, 17 Aug)\GX270044.MP4","data/raw/video/Room 1/Room 1 (16, 17 Aug)/GX270044.MP4",175056406,exiftool,2025-08-17T03:44:51,2025-08-17T04:35:02.008000,3011.008,1920.0,1080.0,29.97002997002997,hevc,True,aac,48000.0,2.0,ok,
media_000160,room_1,Room 1,room_1_16_17_aug,GX280044.MP4,"data/raw/video/Room 1/Room 1 (16, 17 Aug)/GX280044.MP4","F:\temp\data\raw\video\Room 1\Room 1 (16, 17 Aug)\GX280044.MP4","data/raw/video/Room 1/Room 1 (16, 17 Aug)/GX280044.MP4",175933138,exiftool,2025-08-17T04:35:02,2025-08-17T05:25:13.008000,3011.008,1920.0,1080.0,29.97002997002997,hevc,True,aac,48000.0,2.0,ok,
media_000161,room_1,Room 1,room_1_16_17_aug,GX290044.MP4,"data/raw/video/Room 1/Room 1 (16, 17 Aug)/GX290044.MP4","F:\temp\data\raw\video\Room 1\Room 1 (16, 17 Aug)\GX290044.MP4","data/raw/video/Room 1/Room 1 (16, 17 Aug)/GX290044.MP4",176079867,exiftool,2025-08-17T05:25:13,2025-08-17T06:15:24.008000,3011.008,1920.0,1080.0,29.97002997002997,hevc,True,aac,48000.0,2.0,ok,
media_000162,room_1,Room 1,room_1_16_17_aug,GX300044.MP4,"data/raw/video/Room 1/Room 1 (16, 17 Aug)/GX300044.MP4","F:\temp\data\raw\video\Room 1\Room 1 (16, 17 Aug)\GX300044.MP4","data/raw/video/Room 1/Room 1 (16, 17 Aug)/GX300044.MP4",190379535,exiftool,2025-08-17T06:15:24,2025-08-17T07:05:35.008000,3011.008,1920.0,1080.0,29.97002997002997,hevc,True,aac,48000.0,2.0,ok,
media_000163,room_1,Room 1,room_1_16_17_aug,GX310044.MP4,"data/raw/video/Room 1/Room 1 (16, 17 Aug)/GX310044.MP4","F:\temp\data\raw\video\Room 1\Room 1 (16, 17 Aug)\GX310044.MP4","data/raw/video/Room 1/Room 1 (16, 17 Aug)/GX310044.MP4",706623103,exiftool,2025-08-17T07:05:35,2025-08-17T07:55:46.008000,3011.008,1920.0,1080.0,29.97002997002997,hevc,True,aac,48000.0,2.0,ok,
media_000164,room_1,Room 1,room_1_16_17_aug,GX320044.MP4,"data/raw/video/Room 1/Room 1 (16, 17 Aug)/GX320044.MP4","F:\temp\data\raw\video\Room 1\Room 1 (16, 17 Aug)\GX320044.MP4","data/raw/video/Room 1/Room 1 (16, 17 Aug)/GX320044.MP4",694481157,exiftool,2025-08-17T07:55:46,2025-08-17T08:45:57.008000,3011.008,1920.0,1080.0,29.97002997002997,hevc,True,aac,48000.0,2.0,ok,
media_000165,room_1,Room 1,room_1_16_17_aug,GX330044.MP4,"data/raw/video/Room 1/Room 1 (16, 17 Aug)/GX330044.MP4","F:\temp\data\raw\video\Room 1\Room 1 (16, 17 Aug)\GX330044.MP4","data/raw/video/Room 1/Room 1 (16, 17 Aug)/GX330044.MP4",695571598,exiftool,2025-08-17T08:45:57,2025-08-17T09:36:08.008000,3011.008,1920.0,1080.0,29.97002997002997,hevc,True,aac,48000.0,2.0,ok,
media_000166,room_1,Room 1,room_1_16_17_aug,GX340044.MP4,"data/raw/video/Room 1/Room 1 (16, 17 Aug)/GX340044.MP4","F:\temp\data\raw\video\Room 1\Room 1 (16, 17 Aug)\GX340044.MP4","data/raw/video/Room 1/Room 1 (16, 17 Aug)/GX340044.MP4",692708689,exiftool,2025-08-17T09:36:08,2025-08-17T10:26:19.008000,3011.008,1920.0,1080.0,29.97002997002997,hevc,True,aac,48000.0,2.0,ok,
media_000167,room_1,Room 1,room_1_16_17_aug,GX350044.MP4,"data/raw/video/Room 1/Room 1 (16, 17 Aug)/GX350044.MP4","F:\temp\data\raw\video\Room 1\Room 1 (16, 17 Aug)\GX350044.MP4","data/raw/video/Room 1/Room 1 (16, 17 Aug)/GX350044.MP4",696467570,exiftool,2025-08-17T10:26:19,2025-08-17T11:16:30.008000,3011.008,1920.0,1080.0,29.97002997002997,hevc,True,aac,48000.0,2.0,ok,
media_000168,room_1,Room 1,room_1_16_17_aug,GX360044.MP4,"data/raw/video/Room 1/Room 1 (16, 17 Aug)/GX360044.MP4","F:\temp\data\raw\video\Room 1\Room 1 (16, 17 Aug)\GX360044.MP4","data/raw/video/Room 1/Room 1 (16, 17 Aug)/GX360044.MP4",696434477,exiftool,2025-08-17T11:16:30,2025-08-17T12:06:41.008000,3011.008,1920.0,1080.0,29.97002997002997,hevc,True,aac,48000.0,2.0,ok,
media_000169,room_1,Room 1,room_1_16_17_aug,GX370044.MP4,"data/raw/video/Room 1/Room 1 (16, 17 Aug)/GX370044.MP4","F:\temp\data\raw\video\Room 1\Room 1 (16, 17 Aug)\GX370044.MP4","data/raw/video/Room 1/Room 1 (16, 17 Aug)/GX370044.MP4",696677301,exiftool,2025-08-17T12:06:41,2025-08-17T12:56:52.008000,3011.008,1920.0,1080.0,29.97002997002997,hevc,True,aac,48000.0,2.0,ok,
media_000170,room_1,Room 1,room_1_16_17_aug,GX380044.MP4,"data/raw/video/Room 1/Room 1 (16, 17 Aug)/GX380044.MP4","F:\temp\data\raw\video\Room 1\Room 1 (16, 17 Aug)\GX380044.MP4","data/raw/video/Room 1/Room 1 (16, 17 Aug)/GX380044.MP4",690495052,exiftool,2025-08-17T12:56:52,2025-08-17T13:47:03.008000,3011.008,1920.0,1080.0,29.97002997002997,hevc,True,aac,48000.0,2.0,ok,
media_000171,room_1,Room 1,room_1_16_17_aug,GX390044.MP4,"data/raw/video/Room 1/Room 1 (16, 17 Aug)/GX390044.MP4","F:\temp\data\raw\video\Room 1\Room 1 (16, 17 Aug)\GX390044.MP4","data/raw/video/Room 1/Room 1 (16, 17 Aug)/GX390044.MP4",401501124,exiftool,2025-08-17T13:47:03,2025-08-17T14:15:23.074667,1700.074667,1920.0,1080.0,29.97002997002997,hevc,True,aac,48000.0,2.0,ok,
media_000172,room_1,Room 1,room_1_17_18_19_aug,GX010045.MP4,"data/raw/video/Room 1/Room 1 (17, 18, 19 Aug)/GX010045.MP4","F:\temp\data\raw\video\Room 1\Room 1 (17, 18, 19 Aug)\GX010045.MP4","data/raw/video/Room 1/Room 1 (17, 18, 19 Aug)/GX010045.MP4",774035951,exiftool,2025-08-17T14:29:05,2025-08-17T15:19:16.008000,3011.008,1920.0,1080.0,29.97002997002997,hevc,True,aac,48000.0,2.0,ok,
media_000173,room_1,Room 1,room_1_17_18_19_aug,GX020045.MP4,"data/raw/video/Room 1/Room 1 (17, 18, 19 Aug)/GX020045.MP4","F:\temp\data\raw\video\Room 1\Room 1 (17, 18, 19 Aug)\GX020045.MP4","data/raw/video/Room 1/Room 1 (17, 18, 19 Aug)/GX020045.MP4",712235729,exiftool,2025-08-17T15:19:18,2025-08-17T16:09:29.008000,3011.008,1920.0,1080.0,29.97002997002997,hevc,True,aac,48000.0,2.0,ok,
media_000174,room_1,Room 1,room_1_17_18_19_aug,GX030045.MP4,"data/raw/video/Room 1/Room 1 (17, 18, 19 Aug)/GX030045.MP4","F:\temp\data\raw\video\Room 1\Room 1 (17, 18, 19 Aug)\GX030045.MP4","data/raw/video/Room 1/Room 1 (17, 18, 19 Aug)/GX030045.MP4",626881718,exiftool,2025-08-17T16:09:29,2025-08-17T16:59:40.008000,3011.008,1920.0,1080.0,29.97002997002997,hevc,True,aac,48000.0,2.0,ok,
media_000175,room_1,Room 1,room_1_17_18_19_aug,GX040045.MP4,"data/raw/video/Room 1/Room 1 (17, 18, 19 Aug)/GX040045.MP4","F:\temp\data\raw\video\Room 1\Room 1 (17, 18, 19 Aug)\GX040045.MP4","data/raw/video/Room 1/Room 1 (17, 18, 19 Aug)/GX040045.MP4",202260147,exiftool,2025-08-17T16:59:40,2025-08-17T17:49:51.008000,3011.008,1920.0,1080.0,29.97002997002997,hevc,True,aac,48000.0,2.0,ok,
media_000176,room_1,Room 1,room_1_17_18_19_aug,GX050045.MP4,"data/raw/video/Room 1/Room 1 (17, 18, 19 Aug)/GX050045.MP4","F:\temp\data\raw\video\Room 1\Room 1 (17, 18, 19 Aug)\GX050045.MP4","data/raw/video/Room 1/Room 1 (17, 18, 19 Aug)/GX050045.MP4",164825637,exiftool,2025-08-17T17:49:51,2025-08-17T18:40:02.008000,3011.008,1920.0,1080.0,29.97002997002997,hevc,True,aac,48000.0,2.0,ok,
media_000177,room_1,Room 1,room_1_17_18_19_aug,GX060045.MP4,"data/raw/video/Room 1/Room 1 (17, 18, 19 Aug)/GX060045.MP4","F:\temp\data\raw\video\Room 1\Room 1 (17, 18, 19 Aug)\GX060045.MP4","data/raw/video/Room 1/Room 1 (17, 18, 19 Aug)/GX060045.MP4",163902300,exiftool,2025-08-17T18:40:02,2025-08-17T19:30:13.008000,3011.008,1920.0,1080.0,29.97002997002997,hevc,True,aac,48000.0,2.0,ok,
media_000178,room_1,Room 1,room_1_17_18_19_aug,GX070045.MP4,"data/raw/video/Room 1/Room 1 (17, 18, 19 Aug)/GX070045.MP4","F:\temp\data\raw\video\Room 1\Room 1 (17, 18, 19 Aug)\GX070045.MP4","data/raw/video/Room 1/Room 1 (17, 18, 19 Aug)/GX070045.MP4",165064898,exiftool,2025-08-17T19:30:13,2025-08-17T20:20:24.008000,3011.008,1920.0,1080.0,29.97002997002997,hevc,True,aac,48000.0,2.0,ok,
media_000179,room_1,Room 1,room_1_17_18_19_aug,GX080045.MP4,"data/raw/video/Room 1/Room 1 (17, 18, 19 Aug)/GX080045.MP4","F:\temp\data\raw\video\Room 1\Room 1 (17, 18, 19 Aug)\GX080045.MP4","data/raw/video/Room 1/Room 1 (17, 18, 19 Aug)/GX080045.MP4",167931489,exiftool,2025-08-17T20:20:24,2025-08-17T21:10:35.008000,3011.008,1920.0,1080.0,29.97002997002997,hevc,True,aac,48000.0,2.0,ok,
media_000180,room_1,Room 1,room_1_17_18_19_aug,GX090045.MP4,"data/raw/video/Room 1/Room 1 (17, 18, 19 Aug)/GX090045.MP4","F:\temp\data\raw\video\Room 1\Room 1 (17, 18, 19 Aug)\GX090045.MP4","data/raw/video/Room 1/Room 1 (17, 18, 19 Aug)/GX090045.MP4",166666628,exiftool,2025-08-17T21:10:35,2025-08-17T22:00:46.008000,3011.008,1920.0,1080.0,29.97002997002997,hevc,True,aac,48000.0,2.0,ok,
media_000181,room_1,Room 1,room_1_17_18_19_aug,GX100045.MP4,"data/raw/video/Room 1/Room 1 (17, 18, 19 Aug)/GX100045.MP4","F:\temp\data\raw\video\Room 1\Room 1 (17, 18, 19 Aug)\GX100045.MP4","data/raw/video/Room 1/Room 1 (17, 18, 19 Aug)/GX100045.MP4",163237062,exiftool,2025-08-17T22:00:46,2025-08-17T22:50:57.008000,3011.008,1920.0,1080.0,29.97002997002997,hevc,True,aac,48000.0,2.0,ok,
media_000182,room_1,Room 1,room_1_17_18_19_aug,GX110045.MP4,"data/raw/video/Room 1/Room 1 (17, 18, 19 Aug)/GX110045.MP4","F:\temp\data\raw\video\Room 1\Room 1 (17, 18, 19 Aug)\GX110045.MP4","data/raw/video/Room 1/Room 1 (17, 18, 19 Aug)/GX110045.MP4",164475649,exiftool,2025-08-17T22:50:57,2025-08-17T23:41:08.008000,3011.008,1920.0,1080.0,29.97002997002997,hevc,True,aac,48000.0,2.0,ok,
media_000183,room_1,Room 1,room_1_17_18_19_aug,GX120045.MP4,"data/raw/video/Room 1/Room 1 (17, 18, 19 Aug)/GX120045.MP4","F:\temp\data\raw\video\Room 1\Room 1 (17, 18, 19 Aug)\GX120045.MP4","data/raw/video/Room 1/Room 1 (17, 18, 19 Aug)/GX120045.MP4",163857376,exiftool,2025-08-17T23:41:08,2025-08-18T00:31:19.008000,3011.008,1920.0,1080.0,29.97002997002997,hevc,True,aac,48000.0,2.0,ok,
media_000184,room_1,Room 1,room_1_17_18_19_aug,GX130045.MP4,"data/raw/video/Room 1/Room 1 (17, 18, 19 Aug)/GX130045.MP4","F:\temp\data\raw\video\Room 1\Room 1 (17, 18, 19 Aug)\GX130045.MP4","data/raw/video/Room 1/Room 1 (17, 18, 19 Aug)/GX130045.MP4",164567472,exiftool,2025-08-18T00:31:19,2025-08-18T01:21:30.008000,3011.008,1920.0,1080.0,29.97002997002997,hevc,True,aac,48000.0,2.0,ok,
media_000185,room_1,Room 1,room_1_17_18_19_aug,GX140045.MP4,"data/raw/video/Room 1/Room 1 (17, 18, 19 Aug)/GX140045.MP4","F:\temp\data\raw\video\Room 1\Room 1 (17, 18, 19 Aug)\GX140045.MP4","data/raw/video/Room 1/Room 1 (17, 18, 19 Aug)/GX140045.MP4",166705497,exiftool,2025-08-18T01:21:30,2025-08-18T02:11:41.008000,3011.008,1920.0,1080.0,29.97002997002997,hevc,True,aac,48000.0,2.0,ok,
media_000186,room_1,Room 1,room_1_17_18_19_aug,GX150045.MP4,"data/raw/video/Room 1/Room 1 (17, 18, 19 Aug)/GX150045.MP4","F:\temp\data\raw\video\Room 1\Room 1 (17, 18, 19 Aug)\GX150045.MP4","data/raw/video/Room 1/Room 1 (17, 18, 19 Aug)/GX150045.MP4",167521426,exiftool,2025-08-18T02:11:41,2025-08-18T03:01:52.008000,3011.008,1920.0,1080.0,29.97002997002997,hevc,True,aac,48000.0,2.0,ok,
media_000187,room_1,Room 1,room_1_17_18_19_aug,GX160045.MP4,"data/raw/video/Room 1/Room 1 (17, 18, 19 Aug)/GX160045.MP4","F:\temp\data\raw\video\Room 1\Room 1 (17, 18, 19 Aug)\GX160045.MP4","data/raw/video/Room 1/Room 1 (17, 18, 19 Aug)/GX160045.MP4",165880252,exiftool,2025-08-18T03:01:52,2025-08-18T03:52:03.008000,3011.008,1920.0,1080.0,29.97002997002997,hevc,True,aac,48000.0,2.0,ok,
media_000188,room_1,Room 1,room_1_17_18_19_aug,GX170045.MP4,"data/raw/video/Room 1/Room 1 (17, 18, 19 Aug)/GX170045.MP4","F:\temp\data\raw\video\Room 1\Room 1 (17, 18, 19 Aug)\GX170045.MP4","data/raw/video/Room 1/Room 1 (17, 18, 19 Aug)/GX170045.MP4",165110440,exiftool,2025-08-18T03:52:03,2025-08-18T04:42:14.008000,3011.008,1920.0,1080.0,29.97002997002997,hevc,True,aac,48000.0,2.0,ok,
media_000189,room_1,Room 1,room_1_17_18_19_aug,GX180045.MP4,"data/raw/video/Room 1/Room 1 (17, 18, 19 Aug)/GX180045.MP4","F:\temp\data\raw\video\Room 1\Room 1 (17, 18, 19 Aug)\GX180045.MP4","data/raw/video/Room 1/Room 1 (17, 18, 19 Aug)/GX180045.MP4",165496255,exiftool,2025-08-18T04:42:14,2025-08-18T05:32:25.008000,3011.008,1920.0,1080.0,29.97002997002997,hevc,True,aac,48000.0,2.0,ok,
media_000190,room_1,Room 1,room_1_17_18_19_aug,GX190045.MP4,"data/raw/video/Room 1/Room 1 (17, 18, 19 Aug)/GX190045.MP4","F:\temp\data\raw\video\Room 1\Room 1 (17, 18, 19 Aug)\GX190045.MP4","data/raw/video/Room 1/Room 1 (17, 18, 19 Aug)/GX190045.MP4",167969521,exiftool,2025-08-18T05:32:25,2025-08-18T06:22:36.008000,3011.008,1920.0,1080.0,29.97002997002997,hevc,True,aac,48000.0,2.0,ok,
media_000191,room_1,Room 1,room_1_17_18_19_aug,GX200045.MP4,"data/raw/video/Room 1/Room 1 (17, 18, 19 Aug)/GX200045.MP4","F:\temp\data\raw\video\Room 1\Room 1 (17, 18, 19 Aug)\GX200045.MP4","data/raw/video/Room 1/Room 1 (17, 18, 19 Aug)/GX200045.MP4",235877230,exiftool,2025-08-18T06:22:36,2025-08-18T07:12:47.008000,3011.008,1920.0,1080.0,29.97002997002997,hevc,True,aac,48000.0,2.0,ok,
media_000192,room_1,Room 1,room_1_17_18_19_aug,GX210045.MP4,"data/raw/video/Room 1/Room 1 (17, 18, 19 Aug)/GX210045.MP4","F:\temp\data\raw\video\Room 1\Room 1 (17, 18, 19 Aug)\GX210045.MP4","data/raw/video/Room 1/Room 1 (17, 18, 19 Aug)/GX210045.MP4",545672953,exiftool,2025-08-18T07:12:47,2025-08-18T08:02:58.008000,3011.008,1920.0,1080.0,29.97002997002997,hevc,True,aac,48000.0,2.0,ok,
media_000193,room_1,Room 1,room_1_17_18_19_aug,GX220045.MP4,"data/raw/video/Room 1/Room 1 (17, 18, 19 Aug)/GX220045.MP4","F:\temp\data\raw\video\Room 1\Room 1 (17, 18, 19 Aug)\GX220045.MP4","data/raw/video/Room 1/Room 1 (17, 18, 19 Aug)/GX220045.MP4",538543286,exiftool,2025-08-18T08:02:58,2025-08-18T08:53:09.008000,3011.008,1920.0,1080.0,29.97002997002997,hevc,True,aac,48000.0,2.0,ok,
media_000194,room_1,Room 1,room_1_17_18_19_aug,GX230045.MP4,"data/raw/video/Room 1/Room 1 (17, 18, 19 Aug)/GX230045.MP4","F:\temp\data\raw\video\Room 1\Room 1 (17, 18, 19 Aug)\GX230045.MP4","data/raw/video/Room 1/Room 1 (17, 18, 19 Aug)/GX230045.MP4",521337632,exiftool,2025-08-18T08:53:09,2025-08-18T09:43:20.008000,3011.008,1920.0,1080.0,29.97002997002997,hevc,True,aac,48000.0,2.0,ok,
media_000195,room_1,Room 1,room_1_17_18_19_aug,GX240045.MP4,"data/raw/video/Room 1/Room 1 (17, 18, 19 Aug)/GX240045.MP4","F:\temp\data\raw\video\Room 1\Room 1 (17, 18, 19 Aug)\GX240045.MP4","data/raw/video/Room 1/Room 1 (17, 18, 19 Aug)/GX240045.MP4",513743110,exiftool,2025-08-18T09:43:20,2025-08-18T10:33:31.008000,3011.008,1920.0,1080.0,29.97002997002997,hevc,True,aac,48000.0,2.0,ok,
media_000196,room_1,Room 1,room_1_17_18_19_aug,GX250045.MP4,"data/raw/video/Room 1/Room 1 (17, 18, 19 Aug)/GX250045.MP4","F:\temp\data\raw\video\Room 1\Room 1 (17, 18, 19 Aug)\GX250045.MP4","data/raw/video/Room 1/Room 1 (17, 18, 19 Aug)/GX250045.MP4",511465453,exiftool,2025-08-18T10:33:31,2025-08-18T11:23:42.008000,3011.008,1920.0,1080.0,29.97002997002997,hevc,True,aac,48000.0,2.0,ok,
media_000197,room_1,Room 1,room_1_17_18_19_aug,GX260045.MP4,"data/raw/video/Room 1/Room 1 (17, 18, 19 Aug)/GX260045.MP4","F:\temp\data\raw\video\Room 1\Room 1 (17, 18, 19 Aug)\GX260045.MP4","data/raw/video/Room 1/Room 1 (17, 18, 19 Aug)/GX260045.MP4",529817100,exiftool,2025-08-18T11:23:42,2025-08-18T12:13:53.008000,3011.008,1920.0,1080.0,29.97002997002997,hevc,True,aac,48000.0,2.0,ok,
media_000198,room_1,Room 1,room_1_17_18_19_aug,GX270045.MP4,"data/raw/video/Room 1/Room 1 (17, 18, 19 Aug)/GX270045.MP4","F:\temp\data\raw\video\Room 1\Room 1 (17, 18, 19 Aug)\GX270045.MP4","data/raw/video/Room 1/Room 1 (17, 18, 19 Aug)/GX270045.MP4",521675038,exiftool,2025-08-18T12:13:53,2025-08-18T13:04:04.008000,3011.008,1920.0,1080.0,29.97002997002997,hevc,True,aac,48000.0,2.0,ok,
media_000199,room_1,Room 1,room_1_17_18_19_aug,GX280045.MP4,"data/raw/video/Room 1/Room 1 (17, 18, 19 Aug)/GX280045.MP4","F:\temp\data\raw\video\Room 1\Room 1 (17, 18, 19 Aug)\GX280045.MP4","data/raw/video/Room 1/Room 1 (17, 18, 19 Aug)/GX280045.MP4",521042225,exiftool,2025-08-18T13:04:04,2025-08-18T13:54:15.008000,3011.008,1920.0,1080.0,29.97002997002997,hevc,True,aac,48000.0,2.0,ok,
media_000200,room_1,Room 1,room_1_17_18_19_aug,GX290045.MP4,"data/raw/video/Room 1/Room 1 (17, 18, 19 Aug)/GX290045.MP4","F:\temp\data\raw\video\Room 1\Room 1 (17, 18, 19 Aug)\GX290045.MP4","data/raw/video/Room 1/Room 1 (17, 18, 19 Aug)/GX290045.MP4",529700714,exiftool,2025-08-18T13:54:15,2025-08-18T14:44:26.008000,3011.008,1920.0,1080.0,29.97002997002997,hevc,True,aac,48000.0,2.0,ok,
media_000201,room_1,Room 1,room_1_17_18_19_aug,GX300045.MP4,"data/raw/video/Room 1/Room 1 (17, 18, 19 Aug)/GX300045.MP4","F:\temp\data\raw\video\Room 1\Room 1 (17, 18, 19 Aug)\GX300045.MP4","data/raw/video/Room 1/Room 1 (17, 18, 19 Aug)/GX300045.MP4",527403936,exiftool,2025-08-18T14:44:26,2025-08-18T15:34:37.008000,3011.008,1920.0,1080.0,29.97002997002997,hevc,True,aac,48000.0,2.0,ok,
media_000202,room_1,Room 1,room_1_17_18_19_aug,GX310045.MP4,"data/raw/video/Room 1/Room 1 (17, 18, 19 Aug)/GX310045.MP4","F:\temp\data\raw\video\Room 1\Room 1 (17, 18, 19 Aug)\GX310045.MP4","data/raw/video/Room 1/Room 1 (17, 18, 19 Aug)/GX310045.MP4",533767021,exiftool,2025-08-18T15:34:37,2025-08-18T16:24:48.008000,3011.008,1920.0,1080.0,29.97002997002997,hevc,True,aac,48000.0,2.0,ok,
media_000203,room_1,Room 1,room_1_17_18_19_aug,GX320045.MP4,"data/raw/video/Room 1/Room 1 (17, 18, 19 Aug)/GX320045.MP4","F:\temp\data\raw\video\Room 1\Room 1 (17, 18, 19 Aug)\GX320045.MP4","data/raw/video/Room 1/Room 1 (17, 18, 19 Aug)/GX320045.MP4",467378173,exiftool,2025-08-18T16:24:48,2025-08-18T17:14:59.008000,3011.008,1920.0,1080.0,29.97002997002997,hevc,True,aac,48000.0,2.0,ok,
media_000204,room_1,Room 1,room_1_17_18_19_aug,GX330045.MP4,"data/raw/video/Room 1/Room 1 (17, 18, 19 Aug)/GX330045.MP4","F:\temp\data\raw\video\Room 1\Room 1 (17, 18, 19 Aug)\GX330045.MP4","data/raw/video/Room 1/Room 1 (17, 18, 19 Aug)/GX330045.MP4",167442016,exiftool,2025-08-18T17:14:59,2025-08-18T18:05:10.008000,3011.008,1920.0,1080.0,29.97002997002997,hevc,True,aac,48000.0,2.0,ok,
media_000205,room_1,Room 1,room_1_17_18_19_aug,GX340045.MP4,"data/raw/video/Room 1/Room 1 (17, 18, 19 Aug)/GX340045.MP4","F:\temp\data\raw\video\Room 1\Room 1 (17, 18, 19 Aug)\GX340045.MP4","data/raw/video/Room 1/Room 1 (17, 18, 19 Aug)/GX340045.MP4",166688408,exiftool,2025-08-18T18:05:10,2025-08-18T18:55:21.008000,3011.008,1920.0,1080.0,29.97002997002997,hevc,True,aac,48000.0,2.0,ok,
media_000206,room_1,Room 1,room_1_17_18_19_aug,GX350045.MP4,"data/raw/video/Room 1/Room 1 (17, 18, 19 Aug)/GX350045.MP4","F:\temp\data\raw\video\Room 1\Room 1 (17, 18, 19 Aug)\GX350045.MP4","data/raw/video/Room 1/Room 1 (17, 18, 19 Aug)/GX350045.MP4",166561507,exiftool,2025-08-18T18:55:21,2025-08-18T19:45:32.008000,3011.008,1920.0,1080.0,29.97002997002997,hevc,True,aac,48000.0,2.0,ok,
media_000207,room_1,Room 1,room_1_17_18_19_aug,GX360045.MP4,"data/raw/video/Room 1/Room 1 (17, 18, 19 Aug)/GX360045.MP4","F:\temp\data\raw\video\Room 1\Room 1 (17, 18, 19 Aug)\GX360045.MP4","data/raw/video/Room 1/Room 1 (17, 18, 19 Aug)/GX360045.MP4",166189492,exiftool,2025-08-18T19:45:32,2025-08-18T20:35:43.008000,3011.008,1920.0,1080.0,29.97002997002997,hevc,True,aac,48000.0,2.0,ok,
media_000208,room_1,Room 1,room_1_17_18_19_aug,GX370045.MP4,"data/raw/video/Room 1/Room 1 (17, 18, 19 Aug)/GX370045.MP4","F:\temp\data\raw\video\Room 1\Room 1 (17, 18, 19 Aug)\GX370045.MP4","data/raw/video/Room 1/Room 1 (17, 18, 19 Aug)/GX370045.MP4",166209769,exiftool,2025-08-18T20:35:43,2025-08-18T21:25:54.008000,3011.008,1920.0,1080.0,29.97002997002997,hevc,True,aac,48000.0,2.0,ok,
media_000209,room_1,Room 1,room_1_17_18_19_aug,GX380045.MP4,"data/raw/video/Room 1/Room 1 (17, 18, 19 Aug)/GX380045.MP4","F:\temp\data\raw\video\Room 1\Room 1 (17, 18, 19 Aug)\GX380045.MP4","data/raw/video/Room 1/Room 1 (17, 18, 19 Aug)/GX380045.MP4",166842462,exiftool,2025-08-18T21:25:54,2025-08-18T22:16:05.008000,3011.008,1920.0,1080.0,29.97002997002997,hevc,True,aac,48000.0,2.0,ok,
media_000210,room_1,Room 1,room_1_17_18_19_aug,GX390045.MP4,"data/raw/video/Room 1/Room 1 (17, 18, 19 Aug)/GX390045.MP4","F:\temp\data\raw\video\Room 1\Room 1 (17, 18, 19 Aug)\GX390045.MP4","data/raw/video/Room 1/Room 1 (17, 18, 19 Aug)/GX390045.MP4",166821580,exiftool,2025-08-18T22:16:05,2025-08-18T23:06:16.008000,3011.008,1920.0,1080.0,29.97002997002997,hevc,True,aac,48000.0,2.0,ok,
media_000211,room_1,Room 1,room_1_17_18_19_aug,GX400045.MP4,"data/raw/video/Room 1/Room 1 (17, 18, 19 Aug)/GX400045.MP4","F:\temp\data\raw\video\Room 1\Room 1 (17, 18, 19 Aug)\GX400045.MP4","data/raw/video/Room 1/Room 1 (17, 18, 19 Aug)/GX400045.MP4",171184326,exiftool,2025-08-18T23:06:16,2025-08-18T23:56:27.008000,3011.008,1920.0,1080.0,29.97002997002997,hevc,True,aac,48000.0,2.0,ok,
media_000212,room_1,Room 1,room_1_17_18_19_aug,GX410045.MP4,"data/raw/video/Room 1/Room 1 (17, 18, 19 Aug)/GX410045.MP4","F:\temp\data\raw\video\Room 1\Room 1 (17, 18, 19 Aug)\GX410045.MP4","data/raw/video/Room 1/Room 1 (17, 18, 19 Aug)/GX410045.MP4",167986027,exiftool,2025-08-18T23:56:27,2025-08-19T00:46:38.008000,3011.008,1920.0,1080.0,29.97002997002997,hevc,True,aac,48000.0,2.0,ok,
media_000213,room_1,Room 1,room_1_17_18_19_aug,GX420045.MP4,"data/raw/video/Room 1/Room 1 (17, 18, 19 Aug)/GX420045.MP4","F:\temp\data\raw\video\Room 1\Room 1 (17, 18, 19 Aug)\GX420045.MP4","data/raw/video/Room 1/Room 1 (17, 18, 19 Aug)/GX420045.MP4",169309626,exiftool,2025-08-19T00:46:38,2025-08-19T01:36:49.008000,3011.008,1920.0,1080.0,29.97002997002997,hevc,True,aac,48000.0,2.0,ok,
media_000214,room_1,Room 1,room_1_17_18_19_aug,GX430045.MP4,"data/raw/video/Room 1/Room 1 (17, 18, 19 Aug)/GX430045.MP4","F:\temp\data\raw\video\Room 1\Room 1 (17, 18, 19 Aug)\GX430045.MP4","data/raw/video/Room 1/Room 1 (17, 18, 19 Aug)/GX430045.MP4",171000111,exiftool,2025-08-19T01:36:49,2025-08-19T02:27:00.008000,3011.008,1920.0,1080.0,29.97002997002997,hevc,True,aac,48000.0,2.0,ok,
media_000215,room_1,Room 1,room_1_17_18_19_aug,GX440045.MP4,"data/raw/video/Room 1/Room 1 (17, 18, 19 Aug)/GX440045.MP4","F:\temp\data\raw\video\Room 1\Room 1 (17, 18, 19 Aug)\GX440045.MP4","data/raw/video/Room 1/Room 1 (17, 18, 19 Aug)/GX440045.MP4",167042346,exiftool,2025-08-19T02:27:00,2025-08-19T03:17:11.008000,3011.008,1920.0,1080.0,29.97002997002997,hevc,True,aac,48000.0,2.0,ok,
media_000216,room_1,Room 1,room_1_17_18_19_aug,GX450045.MP4,"data/raw/video/Room 1/Room 1 (17, 18, 19 Aug)/GX450045.MP4","F:\temp\data\raw\video\Room 1\Room 1 (17, 18, 19 Aug)\GX450045.MP4","data/raw/video/Room 1/Room 1 (17, 18, 19 Aug)/GX450045.MP4",168098013,exiftool,2025-08-19T03:17:11,2025-08-19T04:07:22.008000,3011.008,1920.0,1080.0,29.97002997002997,hevc,True,aac,48000.0,2.0,ok,
media_000217,room_1,Room 1,room_1_17_18_19_aug,GX460045.MP4,"data/raw/video/Room 1/Room 1 (17, 18, 19 Aug)/GX460045.MP4","F:\temp\data\raw\video\Room 1\Room 1 (17, 18, 19 Aug)\GX460045.MP4","data/raw/video/Room 1/Room 1 (17, 18, 19 Aug)/GX460045.MP4",169506739,exiftool,2025-08-19T04:07:22,2025-08-19T04:57:33.008000,3011.008,1920.0,1080.0,29.97002997002997,hevc,True,aac,48000.0,2.0,ok,
media_000218,room_1,Room 1,room_1_17_18_19_aug,GX470045.MP4,"data/raw/video/Room 1/Room 1 (17, 18, 19 Aug)/GX470045.MP4","F:\temp\data\raw\video\Room 1\Room 1 (17, 18, 19 Aug)\GX470045.MP4","data/raw/video/Room 1/Room 1 (17, 18, 19 Aug)/GX470045.MP4",165214894,exiftool,2025-08-19T04:57:33,2025-08-19T05:47:44.008000,3011.008,1920.0,1080.0,29.97002997002997,hevc,True,aac,48000.0,2.0,ok,
media_000219,room_1,Room 1,room_1_17_18_19_aug,GX480045.MP4,"data/raw/video/Room 1/Room 1 (17, 18, 19 Aug)/GX480045.MP4","F:\temp\data\raw\video\Room 1\Room 1 (17, 18, 19 Aug)\GX480045.MP4","data/raw/video/Room 1/Room 1 (17, 18, 19 Aug)/GX480045.MP4",169874509,exiftool,2025-08-19T05:47:44,2025-08-19T06:37:55.008000,3011.008,1920.0,1080.0,29.97002997002997,hevc,True,aac,48000.0,2.0,ok,
media_000220,room_1,Room 1,room_1_17_18_19_aug,GX490045.MP4,"data/raw/video/Room 1/Room 1 (17, 18, 19 Aug)/GX490045.MP4","F:\temp\data\raw\video\Room 1\Room 1 (17, 18, 19 Aug)\GX490045.MP4","data/raw/video/Room 1/Room 1 (17, 18, 19 Aug)/GX490045.MP4",350390779,exiftool,2025-08-19T06:37:55,2025-08-19T07:28:06.008000,3011.008,1920.0,1080.0,29.97002997002997,hevc,True,aac,48000.0,2.0,ok,
media_000221,room_1,Room 1,room_1_17_18_19_aug,GX500045.MP4,"data/raw/video/Room 1/Room 1 (17, 18, 19 Aug)/GX500045.MP4","F:\temp\data\raw\video\Room 1\Room 1 (17, 18, 19 Aug)\GX500045.MP4","data/raw/video/Room 1/Room 1 (17, 18, 19 Aug)/GX500045.MP4",549808637,exiftool,2025-08-19T07:28:06,2025-08-19T08:18:17.008000,3011.008,1920.0,1080.0,29.97002997002997,hevc,True,aac,48000.0,2.0,ok,
media_000222,room_1,Room 1,room_1_17_18_19_aug,GX510045.MP4,"data/raw/video/Room 1/Room 1 (17, 18, 19 Aug)/GX510045.MP4","F:\temp\data\raw\video\Room 1\Room 1 (17, 18, 19 Aug)\GX510045.MP4","data/raw/video/Room 1/Room 1 (17, 18, 19 Aug)/GX510045.MP4",548280385,exiftool,2025-08-19T08:18:17,2025-08-19T09:08:28.008000,3011.008,1920.0,1080.0,29.97002997002997,hevc,True,aac,48000.0,2.0,ok,
media_000223,room_1,Room 1,room_1_17_18_19_aug,GX520045.MP4,"data/raw/video/Room 1/Room 1 (17, 18, 19 Aug)/GX520045.MP4","F:\temp\data\raw\video\Room 1\Room 1 (17, 18, 19 Aug)\GX520045.MP4","data/raw/video/Room 1/Room 1 (17, 18, 19 Aug)/GX520045.MP4",545488994,exiftool,2025-08-19T09:08:28,2025-08-19T09:58:39.008000,3011.008,1920.0,1080.0,29.97002997002997,hevc,True,aac,48000.0,2.0,ok,
media_000224,room_1,Room 1,room_1_17_18_19_aug,GX530045.MP4,"data/raw/video/Room 1/Room 1 (17, 18, 19 Aug)/GX530045.MP4","F:\temp\data\raw\video\Room 1\Room 1 (17, 18, 19 Aug)\GX530045.MP4","data/raw/video/Room 1/Room 1 (17, 18, 19 Aug)/GX530045.MP4",521686520,exiftool,2025-08-19T09:58:39,2025-08-19T10:48:50.008000,3011.008,1920.0,1080.0,29.97002997002997,hevc,True,aac,48000.0,2.0,ok,
media_000225,room_1,Room 1,room_1_17_18_19_aug,GX540045.MP4,"data/raw/video/Room 1/Room 1 (17, 18, 19 Aug)/GX540045.MP4","F:\temp\data\raw\video\Room 1\Room 1 (17, 18, 19 Aug)\GX540045.MP4","data/raw/video/Room 1/Room 1 (17, 18, 19 Aug)/GX540045.MP4",541131340,exiftool,2025-08-19T10:48:50,2025-08-19T11:39:01.008000,3011.008,1920.0,1080.0,29.97002997002997,hevc,True,aac,48000.0,2.0,ok,
media_000226,room_1,Room 1,room_1_17_18_19_aug,GX550045.MP4,"data/raw/video/Room 1/Room 1 (17, 18, 19 Aug)/GX550045.MP4","F:\temp\data\raw\video\Room 1\Room 1 (17, 18, 19 Aug)\GX550045.MP4","data/raw/video/Room 1/Room 1 (17, 18, 19 Aug)/GX550045.MP4",48855190,exiftool,2025-08-19T11:39:01,2025-08-19T11:43:15.037333,254.037333,1920.0,1080.0,29.97002997002997,hevc,True,aac,48000.0,2.0,ok,
media_000227,room_1,Room 1,room_1_19_20_21_aug,GX010046.MP4,"data/raw/video/Room 1/Room 1 (19, 20, 21 Aug)/GX010046.MP4","F:\temp\data\raw\video\Room 1\Room 1 (19, 20, 21 Aug)\GX010046.MP4","data/raw/video/Room 1/Room 1 (19, 20, 21 Aug)/GX010046.MP4",3602951584,exiftool,2025-08-19T12:04:04,2025-08-19T12:23:17.152000,1153.152,3840.0,2160.0,29.97002997002997,hevc,True,aac,48000.0,2.0,ok,
media_000228,room_1,Room 1,room_1_19_20_21_aug,GX020046.MP4,"data/raw/video/Room 1/Room 1 (19, 20, 21 Aug)/GX020046.MP4","F:\temp\data\raw\video\Room 1\Room 1 (19, 20, 21 Aug)\GX020046.MP4","data/raw/video/Room 1/Room 1 (19, 20, 21 Aug)/GX020046.MP4",3766746746,exiftool,2025-08-19T12:23:19,2025-08-19T12:40:24.024000,1025.024,3840.0,2160.0,29.97002997002997,hevc,True,aac,48000.0,2.0,ok,
media_000229,room_1,Room 1,room_1_19_20_21_aug,GX030046.MP4,"data/raw/video/Room 1/Room 1 (19, 20, 21 Aug)/GX030046.MP4","F:\temp\data\raw\video\Room 1\Room 1 (19, 20, 21 Aug)\GX030046.MP4","data/raw/video/Room 1/Room 1 (19, 20, 21 Aug)/GX030046.MP4",3641250464,exiftool,2025-08-19T12:40:24,2025-08-19T12:57:29.024000,1025.024,3840.0,2160.0,29.97002997002997,hevc,True,aac,48000.0,2.0,ok,
media_000230,room_1,Room 1,room_1_19_20_21_aug,GX040046.MP4,"data/raw/video/Room 1/Room 1 (19, 20, 21 Aug)/GX040046.MP4","F:\temp\data\raw\video\Room 1\Room 1 (19, 20, 21 Aug)\GX040046.MP4","data/raw/video/Room 1/Room 1 (19, 20, 21 Aug)/GX040046.MP4",3716933776,exiftool,2025-08-19T12:57:29,2025-08-19T13:15:38.088000,1089.088,3840.0,2160.0,29.97002997002997,hevc,True,aac,48000.0,2.0,ok,
media_000231,room_1,Room 1,room_1_19_20_21_aug,GX050046.MP4,"data/raw/video/Room 1/Room 1 (19, 20, 21 Aug)/GX050046.MP4","F:\temp\data\raw\video\Room 1\Room 1 (19, 20, 21 Aug)\GX050046.MP4","data/raw/video/Room 1/Room 1 (19, 20, 21 Aug)/GX050046.MP4",3663525173,exiftool,2025-08-19T13:15:38,2025-08-19T13:34:51.152000,1153.152,3840.0,2160.0,29.97002997002997,hevc,True,aac,48000.0,2.0,ok,
media_000232,room_1,Room 1,room_1_19_20_21_aug,GX060046.MP4,"data/raw/video/Room 1/Room 1 (19, 20, 21 Aug)/GX060046.MP4","F:\temp\data\raw\video\Room 1\Room 1 (19, 20, 21 Aug)\GX060046.MP4","data/raw/video/Room 1/Room 1 (19, 20, 21 Aug)/GX060046.MP4",3627781479,exiftool,2025-08-19T13:34:51,2025-08-19T13:54:04.152000,1153.152,3840.0,2160.0,29.97002997002997,hevc,True,aac,48000.0,2.0,ok,
media_000233,room_1,Room 1,room_1_19_20_21_aug,GX070046.MP4,"data/raw/video/Room 1/Room 1 (19, 20, 21 Aug)/GX070046.MP4","F:\temp\data\raw\video\Room 1\Room 1 (19, 20, 21 Aug)\GX070046.MP4","data/raw/video/Room 1/Room 1 (19, 20, 21 Aug)/GX070046.MP4",3703880125,exiftool,2025-08-19T13:54:04,2025-08-19T14:14:21.216000,1217.216,3840.0,2160.0,29.97002997002997,hevc,True,aac,48000.0,2.0,ok,
media_000234,room_1,Room 1,room_1_19_20_21_aug,GX080046.MP4,"data/raw/video/Room 1/Room 1 (19, 20, 21 Aug)/GX080046.MP4","F:\temp\data\raw\video\Room 1\Room 1 (19, 20, 21 Aug)\GX080046.MP4","data/raw/video/Room 1/Room 1 (19, 20, 21 Aug)/GX080046.MP4",3682595340,exiftool,2025-08-19T14:14:21,2025-08-19T14:34:38.216000,1217.216,3840.0,2160.0,29.97002997002997,hevc,True,aac,48000.0,2.0,ok,
media_000235,room_1,Room 1,room_1_19_20_21_aug,GX090046.MP4,"data/raw/video/Room 1/Room 1 (19, 20, 21 Aug)/GX090046.MP4","F:\temp\data\raw\video\Room 1\Room 1 (19, 20, 21 Aug)\GX090046.MP4","data/raw/video/Room 1/Room 1 (19, 20, 21 Aug)/GX090046.MP4",3640332838,exiftool,2025-08-19T14:34:39,2025-08-19T14:56:00.280000,1281.28,3840.0,2160.0,29.97002997002997,hevc,True,aac,48000.0,2.0,ok,
media_000236,room_1,Room 1,room_1_19_20_21_aug,GX100046.MP4,"data/raw/video/Room 1/Room 1 (19, 20, 21 Aug)/GX100046.MP4","F:\temp\data\raw\video\Room 1\Room 1 (19, 20, 21 Aug)\GX100046.MP4","data/raw/video/Room 1/Room 1 (19, 20, 21 Aug)/GX100046.MP4",3653554649,exiftool,2025-08-19T14:56:00,2025-08-19T15:16:17.216000,1217.216,3840.0,2160.0,29.97002997002997,hevc,True,aac,48000.0,2.0,ok,
media_000237,room_1,Room 1,room_1_19_20_21_aug,GX110046.MP4,"data/raw/video/Room 1/Room 1 (19, 20, 21 Aug)/GX110046.MP4","F:\temp\data\raw\video\Room 1\Room 1 (19, 20, 21 Aug)\GX110046.MP4","data/raw/video/Room 1/Room 1 (19, 20, 21 Aug)/GX110046.MP4",3651761163,exiftool,2025-08-19T15:16:17,2025-08-19T15:38:42.344000,1345.344,3840.0,2160.0,29.97002997002997,hevc,True,aac,48000.0,2.0,ok,
media_000238,room_1,Room 1,room_1_19_20_21_aug,GX120046.MP4,"data/raw/video/Room 1/Room 1 (19, 20, 21 Aug)/GX120046.MP4","F:\temp\data\raw\video\Room 1\Room 1 (19, 20, 21 Aug)\GX120046.MP4","data/raw/video/Room 1/Room 1 (19, 20, 21 Aug)/GX120046.MP4",3731842560,exiftool,2025-08-19T15:38:43,2025-08-19T16:01:08.344000,1345.344,3840.0,2160.0,29.97002997002997,hevc,True,aac,48000.0,2.0,ok,
media_000239,room_1,Room 1,room_1_19_20_21_aug,GX130046.MP4,"data/raw/video/Room 1/Room 1 (19, 20, 21 Aug)/GX130046.MP4","F:\temp\data\raw\video\Room 1\Room 1 (19, 20, 21 Aug)\GX130046.MP4","data/raw/video/Room 1/Room 1 (19, 20, 21 Aug)/GX130046.MP4",3649588441,exiftool,2025-08-19T16:01:08,2025-08-19T16:22:29.280000,1281.28,3840.0,2160.0,29.97002997002997,hevc,True,aac,48000.0,2.0,ok,
media_000240,room_1,Room 1,room_1_19_20_21_aug,GX140046.MP4,"data/raw/video/Room 1/Room 1 (19, 20, 21 Aug)/GX140046.MP4","F:\temp\data\raw\video\Room 1\Room 1 (19, 20, 21 Aug)\GX140046.MP4","data/raw/video/Room 1/Room 1 (19, 20, 21 Aug)/GX140046.MP4",3601100693,exiftool,2025-08-19T16:22:29,2025-08-19T16:43:50.280000,1281.28,3840.0,2160.0,29.97002997002997,hevc,True,aac,48000.0,2.0,ok,
media_000241,room_1,Room 1,room_1_19_20_21_aug,GX150046.MP4,"data/raw/video/Room 1/Room 1 (19, 20, 21 Aug)/GX150046.MP4","F:\temp\data\raw\video\Room 1\Room 1 (19, 20, 21 Aug)\GX150046.MP4","data/raw/video/Room 1/Room 1 (19, 20, 21 Aug)/GX150046.MP4",3415740812,exiftool,2025-08-19T16:43:50,2025-08-19T17:34:01.008000,3011.008,3840.0,2160.0,29.97002997002997,hevc,True,aac,48000.0,2.0,ok,
media_000242,room_1,Room 1,room_1_19_20_21_aug,GX160046.MP4,"data/raw/video/Room 1/Room 1 (19, 20, 21 Aug)/GX160046.MP4","F:\temp\data\raw\video\Room 1\Room 1 (19, 20, 21 Aug)\GX160046.MP4","data/raw/video/Room 1/Room 1 (19, 20, 21 Aug)/GX160046.MP4",419260923,exiftool,2025-08-19T17:34:01,2025-08-19T18:24:12.008000,3011.008,3840.0,2160.0,29.97002997002997,hevc,True,aac,48000.0,2.0,ok,
media_000243,room_1,Room 1,room_1_19_20_21_aug,GX170046.MP4,"data/raw/video/Room 1/Room 1 (19, 20, 21 Aug)/GX170046.MP4","F:\temp\data\raw\video\Room 1\Room 1 (19, 20, 21 Aug)\GX170046.MP4","data/raw/video/Room 1/Room 1 (19, 20, 21 Aug)/GX170046.MP4",426713087,exiftool,2025-08-19T18:24:12,2025-08-19T19:14:23.008000,3011.008,3840.0,2160.0,29.97002997002997,hevc,True,aac,48000.0,2.0,ok,
media_000244,room_1,Room 1,room_1_19_20_21_aug,GX180046.MP4,"data/raw/video/Room 1/Room 1 (19, 20, 21 Aug)/GX180046.MP4","F:\temp\data\raw\video\Room 1\Room 1 (19, 20, 21 Aug)\GX180046.MP4","data/raw/video/Room 1/Room 1 (19, 20, 21 Aug)/GX180046.MP4",422320770,exiftool,2025-08-19T19:14:24,2025-08-19T20:04:35.008000,3011.008,3840.0,2160.0,29.97002997002997,hevc,True,aac,48000.0,2.0,ok,
media_000245,room_1,Room 1,room_1_19_20_21_aug,GX190046.MP4,"data/raw/video/Room 1/Room 1 (19, 20, 21 Aug)/GX190046.MP4","F:\temp\data\raw\video\Room 1\Room 1 (19, 20, 21 Aug)\GX190046.MP4","data/raw/video/Room 1/Room 1 (19, 20, 21 Aug)/GX190046.MP4",432681385,exiftool,2025-08-19T20:04:35,2025-08-19T20:54:46.008000,3011.008,3840.0,2160.0,29.97002997002997,hevc,True,aac,48000.0,2.0,ok,
media_000246,room_1,Room 1,room_1_19_20_21_aug,GX200046.MP4,"data/raw/video/Room 1/Room 1 (19, 20, 21 Aug)/GX200046.MP4","F:\temp\data\raw\video\Room 1\Room 1 (19, 20, 21 Aug)\GX200046.MP4","data/raw/video/Room 1/Room 1 (19, 20, 21 Aug)/GX200046.MP4",429514221,exiftool,2025-08-19T20:54:46,2025-08-19T21:44:57.008000,3011.008,3840.0,2160.0,29.97002997002997,hevc,True,aac,48000.0,2.0,ok,
media_000247,room_1,Room 1,room_1_19_20_21_aug,GX210046.MP4,"data/raw/video/Room 1/Room 1 (19, 20, 21 Aug)/GX210046.MP4","F:\temp\data\raw\video\Room 1\Room 1 (19, 20, 21 Aug)\GX210046.MP4","data/raw/video/Room 1/Room 1 (19, 20, 21 Aug)/GX210046.MP4",426100423,exiftool,2025-08-19T21:44:57,2025-08-19T22:35:08.008000,3011.008,3840.0,2160.0,29.97002997002997,hevc,True,aac,48000.0,2.0,ok,
media_000248,room_1,Room 1,room_1_19_20_21_aug,GX220046.MP4,"data/raw/video/Room 1/Room 1 (19, 20, 21 Aug)/GX220046.MP4","F:\temp\data\raw\video\Room 1\Room 1 (19, 20, 21 Aug)\GX220046.MP4","data/raw/video/Room 1/Room 1 (19, 20, 21 Aug)/GX220046.MP4",421336560,exiftool,2025-08-19T22:35:08,2025-08-19T23:25:19.008000,3011.008,3840.0,2160.0,29.97002997002997,hevc,True,aac,48000.0,2.0,ok,
media_000249,room_1,Room 1,room_1_19_20_21_aug,GX230046.MP4,"data/raw/video/Room 1/Room 1 (19, 20, 21 Aug)/GX230046.MP4","F:\temp\data\raw\video\Room 1\Room 1 (19, 20, 21 Aug)\GX230046.MP4","data/raw/video/Room 1/Room 1 (19, 20, 21 Aug)/GX230046.MP4",423356895,exiftool,2025-08-19T23:25:19,2025-08-20T00:15:30.008000,3011.008,3840.0,2160.0,29.97002997002997,hevc,True,aac,48000.0,2.0,ok,
media_000250,room_1,Room 1,room_1_19_20_21_aug,GX240046.MP4,"data/raw/video/Room 1/Room 1 (19, 20, 21 Aug)/GX240046.MP4","F:\temp\data\raw\video\Room 1\Room 1 (19, 20, 21 Aug)\GX240046.MP4","data/raw/video/Room 1/Room 1 (19, 20, 21 Aug)/GX240046.MP4",426864792,exiftool,2025-08-20T00:15:30,2025-08-20T01:05:41.008000,3011.008,3840.0,2160.0,29.97002997002997,hevc,True,aac,48000.0,2.0,ok,
media_000251,room_1,Room 1,room_1_19_20_21_aug,GX250046.MP4,"data/raw/video/Room 1/Room 1 (19, 20, 21 Aug)/GX250046.MP4","F:\temp\data\raw\video\Room 1\Room 1 (19, 20, 21 Aug)\GX250046.MP4","data/raw/video/Room 1/Room 1 (19, 20, 21 Aug)/GX250046.MP4",423413447,exiftool,2025-08-20T01:05:41,2025-08-20T01:55:52.008000,3011.008,3840.0,2160.0,29.97002997002997,hevc,True,aac,48000.0,2.0,ok,
media_000252,room_1,Room 1,room_1_19_20_21_aug,GX260046.MP4,"data/raw/video/Room 1/Room 1 (19, 20, 21 Aug)/GX260046.MP4","F:\temp\data\raw\video\Room 1\Room 1 (19, 20, 21 Aug)\GX260046.MP4","data/raw/video/Room 1/Room 1 (19, 20, 21 Aug)/GX260046.MP4",435672419,exiftool,2025-08-20T01:55:52,2025-08-20T02:46:03.008000,3011.008,3840.0,2160.0,29.97002997002997,hevc,True,aac,48000.0,2.0,ok,
media_000253,room_1,Room 1,room_1_19_20_21_aug,GX270046.MP4,"data/raw/video/Room 1/Room 1 (19, 20, 21 Aug)/GX270046.MP4","F:\temp\data\raw\video\Room 1\Room 1 (19, 20, 21 Aug)\GX270046.MP4","data/raw/video/Room 1/Room 1 (19, 20, 21 Aug)/GX270046.MP4",443361650,exiftool,2025-08-20T02:46:03,2025-08-20T03:36:14.008000,3011.008,3840.0,2160.0,29.97002997002997,hevc,True,aac,48000.0,2.0,ok,
media_000254,room_1,Room 1,room_1_19_20_21_aug,GX280046.MP4,"data/raw/video/Room 1/Room 1 (19, 20, 21 Aug)/GX280046.MP4","F:\temp\data\raw\video\Room 1\Room 1 (19, 20, 21 Aug)\GX280046.MP4","data/raw/video/Room 1/Room 1 (19, 20, 21 Aug)/GX280046.MP4",429092319,exiftool,2025-08-20T03:36:14,2025-08-20T04:26:25.008000,3011.008,3840.0,2160.0,29.97002997002997,hevc,True,aac,48000.0,2.0,ok,
media_000255,room_1,Room 1,room_1_19_20_21_aug,GX290046.MP4,"data/raw/video/Room 1/Room 1 (19, 20, 21 Aug)/GX290046.MP4","F:\temp\data\raw\video\Room 1\Room 1 (19, 20, 21 Aug)\GX290046.MP4","data/raw/video/Room 1/Room 1 (19, 20, 21 Aug)/GX290046.MP4",428547191,exiftool,2025-08-20T04:26:25,2025-08-20T05:16:36.008000,3011.008,3840.0,2160.0,29.97002997002997,hevc,True,aac,48000.0,2.0,ok,
media_000256,room_1,Room 1,room_1_19_20_21_aug,GX300046.MP4,"data/raw/video/Room 1/Room 1 (19, 20, 21 Aug)/GX300046.MP4","F:\temp\data\raw\video\Room 1\Room 1 (19, 20, 21 Aug)\GX300046.MP4","data/raw/video/Room 1/Room 1 (19, 20, 21 Aug)/GX300046.MP4",416798001,exiftool,2025-08-20T05:16:36,2025-08-20T06:06:47.008000,3011.008,3840.0,2160.0,29.97002997002997,hevc,True,aac,48000.0,2.0,ok,
media_000257,room_1,Room 1,room_1_19_20_21_aug,GX310046.MP4,"data/raw/video/Room 1/Room 1 (19, 20, 21 Aug)/GX310046.MP4","F:\temp\data\raw\video\Room 1\Room 1 (19, 20, 21 Aug)\GX310046.MP4","data/raw/video/Room 1/Room 1 (19, 20, 21 Aug)/GX310046.MP4",415353408,exiftool,2025-08-20T06:06:47,2025-08-20T06:56:58.008000,3011.008,3840.0,2160.0,29.97002997002997,hevc,True,aac,48000.0,2.0,ok,
media_000258,room_1,Room 1,room_1_19_20_21_aug,GX320046.MP4,"data/raw/video/Room 1/Room 1 (19, 20, 21 Aug)/GX320046.MP4","F:\temp\data\raw\video\Room 1\Room 1 (19, 20, 21 Aug)\GX320046.MP4","data/raw/video/Room 1/Room 1 (19, 20, 21 Aug)/GX320046.MP4",3681411157,exiftool,2025-08-20T06:56:58,2025-08-20T07:28:59.920000,1921.92,3840.0,2160.0,29.97002997002997,hevc,True,aac,48000.0,2.0,ok,
media_000259,room_1,Room 1,room_1_19_20_21_aug,GX330046.MP4,"data/raw/video/Room 1/Room 1 (19, 20, 21 Aug)/GX330046.MP4","F:\temp\data\raw\video\Room 1\Room 1 (19, 20, 21 Aug)\GX330046.MP4","data/raw/video/Room 1/Room 1 (19, 20, 21 Aug)/GX330046.MP4",3609709625,exiftool,2025-08-20T07:29:00,2025-08-20T07:53:33.472000,1473.472,3840.0,2160.0,29.97002997002997,hevc,True,aac,48000.0,2.0,ok,
media_000260,room_1,Room 1,room_1_19_20_21_aug,GX340046.MP4,"data/raw/video/Room 1/Room 1 (19, 20, 21 Aug)/GX340046.MP4","F:\temp\data\raw\video\Room 1\Room 1 (19, 20, 21 Aug)\GX340046.MP4","data/raw/video/Room 1/Room 1 (19, 20, 21 Aug)/GX340046.MP4",3683188564,exiftool,2025-08-20T07:53:33,2025-08-20T08:18:06.472000,1473.472,3840.0,2160.0,29.97002997002997,hevc,True,aac,48000.0,2.0,ok,
media_000261,room_1,Room 1,room_1_19_20_21_aug,GX350046.MP4,"data/raw/video/Room 1/Room 1 (19, 20, 21 Aug)/GX350046.MP4","F:\temp\data\raw\video\Room 1\Room 1 (19, 20, 21 Aug)\GX350046.MP4","data/raw/video/Room 1/Room 1 (19, 20, 21 Aug)/GX350046.MP4",3647829386,exiftool,2025-08-20T08:18:06,2025-08-20T08:42:39.472000,1473.472,3840.0,2160.0,29.97002997002997,hevc,True,aac,48000.0,2.0,ok,
media_000262,room_1,Room 1,room_1_19_20_21_aug,GX360046.MP4,"data/raw/video/Room 1/Room 1 (19, 20, 21 Aug)/GX360046.MP4","F:\temp\data\raw\video\Room 1\Room 1 (19, 20, 21 Aug)\GX360046.MP4","data/raw/video/Room 1/Room 1 (19, 20, 21 Aug)/GX360046.MP4",3693136383,exiftool,2025-08-20T08:42:40,2025-08-20T09:08:17.536000,1537.536,3840.0,2160.0,29.97002997002997,hevc,True,aac,48000.0,2.0,ok,
media_000263,room_1,Room 1,room_1_19_20_21_aug,GX370046.MP4,"data/raw/video/Room 1/Room 1 (19, 20, 21 Aug)/GX370046.MP4","F:\temp\data\raw\video\Room 1\Room 1 (19, 20, 21 Aug)\GX370046.MP4","data/raw/video/Room 1/Room 1 (19, 20, 21 Aug)/GX370046.MP4",3676504046,exiftool,2025-08-20T09:08:17,2025-08-20T09:33:54.536000,1537.536,3840.0,2160.0,29.97002997002997,hevc,True,aac,48000.0,2.0,ok,
media_000264,room_1,Room 1,room_1_19_20_21_aug,GX380046.MP4,"data/raw/video/Room 1/Room 1 (19, 20, 21 Aug)/GX380046.MP4","F:\temp\data\raw\video\Room 1\Room 1 (19, 20, 21 Aug)\GX380046.MP4","data/raw/video/Room 1/Room 1 (19, 20, 21 Aug)/GX380046.MP4",3702485564,exiftool,2025-08-20T09:33:55,2025-08-20T09:59:32.536000,1537.536,3840.0,2160.0,29.97002997002997,hevc,True,aac,48000.0,2.0,ok,
media_000265,room_1,Room 1,room_1_19_20_21_aug,GX390046.MP4,"data/raw/video/Room 1/Room 1 (19, 20, 21 Aug)/GX390046.MP4","F:\temp\data\raw\video\Room 1\Room 1 (19, 20, 21 Aug)\GX390046.MP4","data/raw/video/Room 1/Room 1 (19, 20, 21 Aug)/GX390046.MP4",3610299593,exiftool,2025-08-20T09:59:33,2025-08-20T10:24:06.472000,1473.472,3840.0,2160.0,29.97002997002997,hevc,True,aac,48000.0,2.0,ok,
media_000266,room_1,Room 1,room_1_19_20_21_aug,GX400046.MP4,"data/raw/video/Room 1/Room 1 (19, 20, 21 Aug)/GX400046.MP4","F:\temp\data\raw\video\Room 1\Room 1 (19, 20, 21 Aug)\GX400046.MP4","data/raw/video/Room 1/Room 1 (19, 20, 21 Aug)/GX400046.MP4",3717464241,exiftool,2025-08-20T10:24:06,2025-08-20T10:48:39.472000,1473.472,3840.0,2160.0,29.97002997002997,hevc,True,aac,48000.0,2.0,ok,
media_000267,room_1,Room 1,room_1_19_20_21_aug,GX410046.MP4,"data/raw/video/Room 1/Room 1 (19, 20, 21 Aug)/GX410046.MP4","F:\temp\data\raw\video\Room 1\Room 1 (19, 20, 21 Aug)\GX410046.MP4","data/raw/video/Room 1/Room 1 (19, 20, 21 Aug)/GX410046.MP4",3727074667,exiftool,2025-08-20T10:48:39,2025-08-20T11:14:16.536000,1537.536,3840.0,2160.0,29.97002997002997,hevc,True,aac,48000.0,2.0,ok,
media_000268,room_1,Room 1,room_1_19_20_21_aug,GX420046.MP4,"data/raw/video/Room 1/Room 1 (19, 20, 21 Aug)/GX420046.MP4","F:\temp\data\raw\video\Room 1\Room 1 (19, 20, 21 Aug)\GX420046.MP4","data/raw/video/Room 1/Room 1 (19, 20, 21 Aug)/GX420046.MP4",3653501606,exiftool,2025-08-20T11:14:17,2025-08-20T11:39:54.536000,1537.536,3840.0,2160.0,29.97002997002997,hevc,True,aac,48000.0,2.0,ok,
media_000269,room_1,Room 1,room_1_19_20_21_aug,GX430046.MP4,"data/raw/video/Room 1/Room 1 (19, 20, 21 Aug)/GX430046.MP4","F:\temp\data\raw\video\Room 1\Room 1 (19, 20, 21 Aug)\GX430046.MP4","data/raw/video/Room 1/Room 1 (19, 20, 21 Aug)/GX430046.MP4",3678527989,exiftool,2025-08-20T11:39:55,2025-08-20T12:03:24.408000,1409.408,3840.0,2160.0,29.97002997002997,hevc,True,aac,48000.0,2.0,ok,
media_000270,room_1,Room 1,room_1_19_20_21_aug,GX440046.MP4,"data/raw/video/Room 1/Room 1 (19, 20, 21 Aug)/GX440046.MP4","F:\temp\data\raw\video\Room 1\Room 1 (19, 20, 21 Aug)\GX440046.MP4","data/raw/video/Room 1/Room 1 (19, 20, 21 Aug)/GX440046.MP4",3748910674,exiftool,2025-08-20T12:03:24,2025-08-20T12:29:01.536000,1537.536,3840.0,2160.0,29.97002997002997,hevc,True,aac,48000.0,2.0,ok,
media_000271,room_1,Room 1,room_1_19_20_21_aug,GX450046.MP4,"data/raw/video/Room 1/Room 1 (19, 20, 21 Aug)/GX450046.MP4","F:\temp\data\raw\video\Room 1\Room 1 (19, 20, 21 Aug)\GX450046.MP4","data/raw/video/Room 1/Room 1 (19, 20, 21 Aug)/GX450046.MP4",3669764589,exiftool,2025-08-20T12:29:01,2025-08-20T12:53:34.472000,1473.472,3840.0,2160.0,29.97002997002997,hevc,True,aac,48000.0,2.0,ok,
media_000272,room_1,Room 1,room_1_19_20_21_aug,GX460046.MP4,"data/raw/video/Room 1/Room 1 (19, 20, 21 Aug)/GX460046.MP4","F:\temp\data\raw\video\Room 1\Room 1 (19, 20, 21 Aug)\GX460046.MP4","data/raw/video/Room 1/Room 1 (19, 20, 21 Aug)/GX460046.MP4",3726951032,exiftool,2025-08-20T12:53:35,2025-08-20T13:19:12.536000,1537.536,3840.0,2160.0,29.97002997002997,hevc,True,aac,48000.0,2.0,ok,
media_000273,room_1,Room 1,room_1_19_20_21_aug,GX470046.MP4,"data/raw/video/Room 1/Room 1 (19, 20, 21 Aug)/GX470046.MP4","F:\temp\data\raw\video\Room 1\Room 1 (19, 20, 21 Aug)\GX470046.MP4","data/raw/video/Room 1/Room 1 (19, 20, 21 Aug)/GX470046.MP4",3728142044,exiftool,2025-08-20T13:19:12,2025-08-20T13:46:57.664000,1665.664,3840.0,2160.0,29.97002997002997,hevc,True,aac,48000.0,2.0,ok,
media_000274,room_1,Room 1,room_1_19_20_21_aug,GX480046.MP4,"data/raw/video/Room 1/Room 1 (19, 20, 21 Aug)/GX480046.MP4","F:\temp\data\raw\video\Room 1\Room 1 (19, 20, 21 Aug)\GX480046.MP4","data/raw/video/Room 1/Room 1 (19, 20, 21 Aug)/GX480046.MP4",3702155462,exiftool,2025-08-20T13:46:58,2025-08-20T14:11:31.472000,1473.472,3840.0,2160.0,29.97002997002997,hevc,True,aac,48000.0,2.0,ok,
media_000275,room_1,Room 1,room_1_19_20_21_aug,GX490046.MP4,"data/raw/video/Room 1/Room 1 (19, 20, 21 Aug)/GX490046.MP4","F:\temp\data\raw\video\Room 1\Room 1 (19, 20, 21 Aug)\GX490046.MP4","data/raw/video/Room 1/Room 1 (19, 20, 21 Aug)/GX490046.MP4",3587826304,exiftool,2025-08-20T14:11:32,2025-08-20T14:36:05.472000,1473.472,3840.0,2160.0,29.97002997002997,hevc,True,aac,48000.0,2.0,ok,
media_000276,room_1,Room 1,room_1_19_20_21_aug,GX500046.MP4,"data/raw/video/Room 1/Room 1 (19, 20, 21 Aug)/GX500046.MP4","F:\temp\data\raw\video\Room 1\Room 1 (19, 20, 21 Aug)\GX500046.MP4","data/raw/video/Room 1/Room 1 (19, 20, 21 Aug)/GX500046.MP4",3610623181,exiftool,2025-08-20T14:36:05,2025-08-20T14:59:34.408000,1409.408,3840.0,2160.0,29.97002997002997,hevc,True,aac,48000.0,2.0,ok,
media_000277,room_1,Room 1,room_1_19_20_21_aug,GX510046.MP4,"data/raw/video/Room 1/Room 1 (19, 20, 21 Aug)/GX510046.MP4","F:\temp\data\raw\video\Room 1\Room 1 (19, 20, 21 Aug)\GX510046.MP4","data/raw/video/Room 1/Room 1 (19, 20, 21 Aug)/GX510046.MP4",3654032962,exiftool,2025-08-20T14:59:35,2025-08-20T15:24:08.472000,1473.472,3840.0,2160.0,29.97002997002997,hevc,True,aac,48000.0,2.0,ok,
media_000278,room_1,Room 1,room_1_19_20_21_aug,GX520046.MP4,"data/raw/video/Room 1/Room 1 (19, 20, 21 Aug)/GX520046.MP4","F:\temp\data\raw\video\Room 1\Room 1 (19, 20, 21 Aug)\GX520046.MP4","data/raw/video/Room 1/Room 1 (19, 20, 21 Aug)/GX520046.MP4",3615821732,exiftool,2025-08-20T15:24:08,2025-08-20T15:46:33.344000,1345.344,3840.0,2160.0,29.97002997002997,hevc,True,aac,48000.0,2.0,ok,
media_000279,room_1,Room 1,room_1_19_20_21_aug,GX530046.MP4,"data/raw/video/Room 1/Room 1 (19, 20, 21 Aug)/GX530046.MP4","F:\temp\data\raw\video\Room 1\Room 1 (19, 20, 21 Aug)\GX530046.MP4","data/raw/video/Room 1/Room 1 (19, 20, 21 Aug)/GX530046.MP4",3680853104,exiftool,2025-08-20T15:46:33,2025-08-20T16:10:02.408000,1409.408,3840.0,2160.0,29.97002997002997,hevc,True,aac,48000.0,2.0,ok,
media_000280,room_1,Room 1,room_1_19_20_21_aug,GX540046.MP4,"data/raw/video/Room 1/Room 1 (19, 20, 21 Aug)/GX540046.MP4","F:\temp\data\raw\video\Room 1\Room 1 (19, 20, 21 Aug)\GX540046.MP4","data/raw/video/Room 1/Room 1 (19, 20, 21 Aug)/GX540046.MP4",3685528469,exiftool,2025-08-20T16:10:03,2025-08-20T16:32:28.344000,1345.344,3840.0,2160.0,29.97002997002997,hevc,True,aac,48000.0,2.0,ok,
media_000281,room_1,Room 1,room_1_19_20_21_aug,GX550046.MP4,"data/raw/video/Room 1/Room 1 (19, 20, 21 Aug)/GX550046.MP4","F:\temp\data\raw\video\Room 1\Room 1 (19, 20, 21 Aug)\GX550046.MP4","data/raw/video/Room 1/Room 1 (19, 20, 21 Aug)/GX550046.MP4",3651916657,exiftool,2025-08-20T16:32:28,2025-08-20T16:53:49.280000,1281.28,3840.0,2160.0,29.97002997002997,hevc,True,aac,48000.0,2.0,ok,
media_000282,room_1,Room 1,room_1_19_20_21_aug,GX560046.MP4,"data/raw/video/Room 1/Room 1 (19, 20, 21 Aug)/GX560046.MP4","F:\temp\data\raw\video\Room 1\Room 1 (19, 20, 21 Aug)\GX560046.MP4","data/raw/video/Room 1/Room 1 (19, 20, 21 Aug)/GX560046.MP4",1684545297,exiftool,2025-08-20T16:53:49,2025-08-20T17:44:00.008000,3011.008,3840.0,2160.0,29.97002997002997,hevc,True,aac,48000.0,2.0,ok,
media_000283,room_1,Room 1,room_1_19_20_21_aug,GX570046.MP4,"data/raw/video/Room 1/Room 1 (19, 20, 21 Aug)/GX570046.MP4","F:\temp\data\raw\video\Room 1\Room 1 (19, 20, 21 Aug)\GX570046.MP4","data/raw/video/Room 1/Room 1 (19, 20, 21 Aug)/GX570046.MP4",415754030,exiftool,2025-08-20T17:44:00,2025-08-20T18:34:11.008000,3011.008,3840.0,2160.0,29.97002997002997,hevc,True,aac,48000.0,2.0,ok,
media_000284,room_1,Room 1,room_1_19_20_21_aug,GX580046.MP4,"data/raw/video/Room 1/Room 1 (19, 20, 21 Aug)/GX580046.MP4","F:\temp\data\raw\video\Room 1\Room 1 (19, 20, 21 Aug)\GX580046.MP4","data/raw/video/Room 1/Room 1 (19, 20, 21 Aug)/GX580046.MP4",416115528,exiftool,2025-08-20T18:34:11,2025-08-20T19:24:22.008000,3011.008,3840.0,2160.0,29.97002997002997,hevc,True,aac,48000.0,2.0,ok,
media_000285,room_1,Room 1,room_1_19_20_21_aug,GX590046.MP4,"data/raw/video/Room 1/Room 1 (19, 20, 21 Aug)/GX590046.MP4","F:\temp\data\raw\video\Room 1\Room 1 (19, 20, 21 Aug)\GX590046.MP4","data/raw/video/Room 1/Room 1 (19, 20, 21 Aug)/GX590046.MP4",414883513,exiftool,2025-08-20T19:24:22,2025-08-20T20:14:33.008000,3011.008,3840.0,2160.0,29.97002997002997,hevc,True,aac,48000.0,2.0,ok,
media_000286,room_1,Room 1,room_1_19_20_21_aug,GX600046.MP4,"data/raw/video/Room 1/Room 1 (19, 20, 21 Aug)/GX600046.MP4","F:\temp\data\raw\video\Room 1\Room 1 (19, 20, 21 Aug)\GX600046.MP4","data/raw/video/Room 1/Room 1 (19, 20, 21 Aug)/GX600046.MP4",413527389,exiftool,2025-08-20T20:14:33,2025-08-20T21:04:44.008000,3011.008,3840.0,2160.0,29.97002997002997,hevc,True,aac,48000.0,2.0,ok,
media_000287,room_1,Room 1,room_1_19_20_21_aug,GX610046.MP4,"data/raw/video/Room 1/Room 1 (19, 20, 21 Aug)/GX610046.MP4","F:\temp\data\raw\video\Room 1\Room 1 (19, 20, 21 Aug)\GX610046.MP4","data/raw/video/Room 1/Room 1 (19, 20, 21 Aug)/GX610046.MP4",415666788,exiftool,2025-08-20T21:04:44,2025-08-20T21:54:55.008000,3011.008,3840.0,2160.0,29.97002997002997,hevc,True,aac,48000.0,2.0,ok,
media_000288,room_1,Room 1,room_1_19_20_21_aug,GX620046.MP4,"data/raw/video/Room 1/Room 1 (19, 20, 21 Aug)/GX620046.MP4","F:\temp\data\raw\video\Room 1\Room 1 (19, 20, 21 Aug)\GX620046.MP4","data/raw/video/Room 1/Room 1 (19, 20, 21 Aug)/GX620046.MP4",416790459,exiftool,2025-08-20T21:54:55,2025-08-20T22:45:06.008000,3011.008,3840.0,2160.0,29.97002997002997,hevc,True,aac,48000.0,2.0,ok,
media_000289,room_1,Room 1,room_1_19_20_21_aug,GX630046.MP4,"data/raw/video/Room 1/Room 1 (19, 20, 21 Aug)/GX630046.MP4","F:\temp\data\raw\video\Room 1\Room 1 (19, 20, 21 Aug)\GX630046.MP4","data/raw/video/Room 1/Room 1 (19, 20, 21 Aug)/GX630046.MP4",421807200,exiftool,2025-08-20T22:45:06,2025-08-20T23:35:17.008000,3011.008,3840.0,2160.0,29.97002997002997,hevc,True,aac,48000.0,2.0,ok,
media_000290,room_1,Room 1,room_1_19_20_21_aug,GX640046.MP4,"data/raw/video/Room 1/Room 1 (19, 20, 21 Aug)/GX640046.MP4","F:\temp\data\raw\video\Room 1\Room 1 (19, 20, 21 Aug)\GX640046.MP4","data/raw/video/Room 1/Room 1 (19, 20, 21 Aug)/GX640046.MP4",433020010,exiftool,2025-08-20T23:35:17,2025-08-21T00:25:28.008000,3011.008,3840.0,2160.0,29.97002997002997,hevc,True,aac,48000.0,2.0,ok,
media_000291,room_1,Room 1,room_1_19_20_21_aug,GX650046.MP4,"data/raw/video/Room 1/Room 1 (19, 20, 21 Aug)/GX650046.MP4","F:\temp\data\raw\video\Room 1\Room 1 (19, 20, 21 Aug)\GX650046.MP4","data/raw/video/Room 1/Room 1 (19, 20, 21 Aug)/GX650046.MP4",421367028,exiftool,2025-08-21T00:25:28,2025-08-21T01:15:39.008000,3011.008,3840.0,2160.0,29.97002997002997,hevc,True,aac,48000.0,2.0,ok,
media_000292,room_1,Room 1,room_1_19_20_21_aug,GX660046.MP4,"data/raw/video/Room 1/Room 1 (19, 20, 21 Aug)/GX660046.MP4","F:\temp\data\raw\video\Room 1\Room 1 (19, 20, 21 Aug)\GX660046.MP4","data/raw/video/Room 1/Room 1 (19, 20, 21 Aug)/GX660046.MP4",437099921,exiftool,2025-08-21T01:15:39,2025-08-21T02:05:50.008000,3011.008,3840.0,2160.0,29.97002997002997,hevc,True,aac,48000.0,2.0,ok,
media_000293,room_1,Room 1,room_1_19_20_21_aug,GX670046.MP4,"data/raw/video/Room 1/Room 1 (19, 20, 21 Aug)/GX670046.MP4","F:\temp\data\raw\video\Room 1\Room 1 (19, 20, 21 Aug)\GX670046.MP4","data/raw/video/Room 1/Room 1 (19, 20, 21 Aug)/GX670046.MP4",433338724,exiftool,2025-08-21T02:05:50,2025-08-21T02:56:01.008000,3011.008,3840.0,2160.0,29.97002997002997,hevc,True,aac,48000.0,2.0,ok,
media_000294,room_1,Room 1,room_1_19_20_21_aug,GX680046.MP4,"data/raw/video/Room 1/Room 1 (19, 20, 21 Aug)/GX680046.MP4","F:\temp\data\raw\video\Room 1\Room 1 (19, 20, 21 Aug)\GX680046.MP4","data/raw/video/Room 1/Room 1 (19, 20, 21 Aug)/GX680046.MP4",436413385,exiftool,2025-08-21T02:56:01,2025-08-21T03:46:12.008000,3011.008,3840.0,2160.0,29.97002997002997,hevc,True,aac,48000.0,2.0,ok,
media_000295,room_1,Room 1,room_1_19_20_21_aug,GX690046.MP4,"data/raw/video/Room 1/Room 1 (19, 20, 21 Aug)/GX690046.MP4","F:\temp\data\raw\video\Room 1\Room 1 (19, 20, 21 Aug)\GX690046.MP4","data/raw/video/Room 1/Room 1 (19, 20, 21 Aug)/GX690046.MP4",428889770,exiftool,2025-08-21T03:46:13,2025-08-21T04:36:24.008000,3011.008,3840.0,2160.0,29.97002997002997,hevc,True,aac,48000.0,2.0,ok,
media_000296,room_1,Room 1,room_1_19_20_21_aug,GX700046.MP4,"data/raw/video/Room 1/Room 1 (19, 20, 21 Aug)/GX700046.MP4","F:\temp\data\raw\video\Room 1\Room 1 (19, 20, 21 Aug)\GX700046.MP4","data/raw/video/Room 1/Room 1 (19, 20, 21 Aug)/GX700046.MP4",429374899,exiftool,2025-08-21T04:36:24,2025-08-21T05:26:35.008000,3011.008,3840.0,2160.0,29.97002997002997,hevc,True,aac,48000.0,2.0,ok,
media_000297,room_1,Room 1,room_1_19_20_21_aug,GX710046.MP4,"data/raw/video/Room 1/Room 1 (19, 20, 21 Aug)/GX710046.MP4","F:\temp\data\raw\video\Room 1\Room 1 (19, 20, 21 Aug)\GX710046.MP4","data/raw/video/Room 1/Room 1 (19, 20, 21 Aug)/GX710046.MP4",426969582,exiftool,2025-08-21T05:26:35,2025-08-21T06:16:46.008000,3011.008,3840.0,2160.0,29.97002997002997,hevc,True,aac,48000.0,2.0,ok,
media_000298,room_1,Room 1,room_1_19_20_21_aug,GX720046.MP4,"data/raw/video/Room 1/Room 1 (19, 20, 21 Aug)/GX720046.MP4","F:\temp\data\raw\video\Room 1\Room 1 (19, 20, 21 Aug)\GX720046.MP4","data/raw/video/Room 1/Room 1 (19, 20, 21 Aug)/GX720046.MP4",853828177,exiftool,2025-08-21T06:16:46,2025-08-21T07:06:57.008000,3011.008,3840.0,2160.0,29.97002997002997,hevc,True,aac,48000.0,2.0,ok,
media_000299,room_1,Room 1,room_1_19_20_21_aug,GX730046.MP4,"data/raw/video/Room 1/Room 1 (19, 20, 21 Aug)/GX730046.MP4","F:\temp\data\raw\video\Room 1\Room 1 (19, 20, 21 Aug)\GX730046.MP4","data/raw/video/Room 1/Room 1 (19, 20, 21 Aug)/GX730046.MP4",3613864715,exiftool,2025-08-21T07:06:57,2025-08-21T07:29:22.344000,1345.344,3840.0,2160.0,29.97002997002997,hevc,True,aac,48000.0,2.0,ok,
media_000300,room_1,Room 1,room_1_19_20_21_aug,GX740046.MP4,"data/raw/video/Room 1/Room 1 (19, 20, 21 Aug)/GX740046.MP4","F:\temp\data\raw\video\Room 1\Room 1 (19, 20, 21 Aug)\GX740046.MP4","data/raw/video/Room 1/Room 1 (19, 20, 21 Aug)/GX740046.MP4",3596344136,exiftool,2025-08-21T07:29:22,2025-08-21T07:51:47.344000,1345.344,3840.0,2160.0,29.97002997002997,hevc,True,aac,48000.0,2.0,ok,
media_000301,room_1,Room 1,room_1_19_20_21_aug,GX750046.MP4,"data/raw/video/Room 1/Room 1 (19, 20, 21 Aug)/GX750046.MP4","F:\temp\data\raw\video\Room 1\Room 1 (19, 20, 21 Aug)\GX750046.MP4","data/raw/video/Room 1/Room 1 (19, 20, 21 Aug)/GX750046.MP4",3772269603,exiftool,2025-08-21T07:51:47,2025-08-21T08:15:16.408000,1409.408,3840.0,2160.0,29.97002997002997,hevc,True,aac,48000.0,2.0,ok,
media_000302,room_1,Room 1,room_1_19_20_21_aug,GX760046.MP4,"data/raw/video/Room 1/Room 1 (19, 20, 21 Aug)/GX760046.MP4","F:\temp\data\raw\video\Room 1\Room 1 (19, 20, 21 Aug)\GX760046.MP4","data/raw/video/Room 1/Room 1 (19, 20, 21 Aug)/GX760046.MP4",3590038785,exiftool,2025-08-21T08:15:17,2025-08-21T08:37:42.344000,1345.344,3840.0,2160.0,29.97002997002997,hevc,True,aac,48000.0,2.0,ok,
media_000303,room_1,Room 1,room_1_19_20_21_aug,GX770046.MP4,"data/raw/video/Room 1/Room 1 (19, 20, 21 Aug)/GX770046.MP4","F:\temp\data\raw\video\Room 1\Room 1 (19, 20, 21 Aug)\GX770046.MP4","data/raw/video/Room 1/Room 1 (19, 20, 21 Aug)/GX770046.MP4",3728719795,exiftool,2025-08-21T08:37:42,2025-08-21T09:01:11.408000,1409.408,3840.0,2160.0,29.97002997002997,hevc,True,aac,48000.0,2.0,ok,
media_000304,room_1,Room 1,room_1_19_20_21_aug,GX780046.MP4,"data/raw/video/Room 1/Room 1 (19, 20, 21 Aug)/GX780046.MP4","F:\temp\data\raw\video\Room 1\Room 1 (19, 20, 21 Aug)\GX780046.MP4","data/raw/video/Room 1/Room 1 (19, 20, 21 Aug)/GX780046.MP4",3607850937,exiftool,2025-08-21T09:01:11,2025-08-21T09:24:40.408000,1409.408,3840.0,2160.0,29.97002997002997,hevc,True,aac,48000.0,2.0,ok,
media_000305,room_1,Room 1,room_1_19_20_21_aug,GX790046.MP4,"data/raw/video/Room 1/Room 1 (19, 20, 21 Aug)/GX790046.MP4","F:\temp\data\raw\video\Room 1\Room 1 (19, 20, 21 Aug)\GX790046.MP4","data/raw/video/Room 1/Room 1 (19, 20, 21 Aug)/GX790046.MP4",3690027366,exiftool,2025-08-21T09:24:41,2025-08-21T09:49:14.472000,1473.472,3840.0,2160.0,29.97002997002997,hevc,True,aac,48000.0,2.0,ok,
media_000306,room_1,Room 1,room_1_19_20_21_aug,GX800046.MP4,"data/raw/video/Room 1/Room 1 (19, 20, 21 Aug)/GX800046.MP4","F:\temp\data\raw\video\Room 1\Room 1 (19, 20, 21 Aug)\GX800046.MP4","data/raw/video/Room 1/Room 1 (19, 20, 21 Aug)/GX800046.MP4",3673977230,exiftool,2025-08-21T09:49:14,2025-08-21T10:13:47.472000,1473.472,3840.0,2160.0,29.97002997002997,hevc,True,aac,48000.0,2.0,ok,
media_000307,room_1,Room 1,room_1_19_20_21_aug,GX810046.MP4,"data/raw/video/Room 1/Room 1 (19, 20, 21 Aug)/GX810046.MP4","F:\temp\data\raw\video\Room 1\Room 1 (19, 20, 21 Aug)\GX810046.MP4","data/raw/video/Room 1/Room 1 (19, 20, 21 Aug)/GX810046.MP4",3588033123,exiftool,2025-08-21T10:13:48,2025-08-21T10:38:21.472000,1473.472,3840.0,2160.0,29.97002997002997,hevc,True,aac,48000.0,2.0,ok,
media_000308,room_1,Room 1,room_1_19_20_21_aug,GX820046.MP4,"data/raw/video/Room 1/Room 1 (19, 20, 21 Aug)/GX820046.MP4","F:\temp\data\raw\video\Room 1\Room 1 (19, 20, 21 Aug)\GX820046.MP4","data/raw/video/Room 1/Room 1 (19, 20, 21 Aug)/GX820046.MP4",3680478579,exiftool,2025-08-21T10:38:21,2025-08-21T11:02:54.472000,1473.472,3840.0,2160.0,29.97002997002997,hevc,True,aac,48000.0,2.0,ok,
media_000309,room_1,Room 1,room_1_19_20_21_aug,GX830046.MP4,"data/raw/video/Room 1/Room 1 (19, 20, 21 Aug)/GX830046.MP4","F:\temp\data\raw\video\Room 1\Room 1 (19, 20, 21 Aug)\GX830046.MP4","data/raw/video/Room 1/Room 1 (19, 20, 21 Aug)/GX830046.MP4",3688775132,exiftool,2025-08-21T11:02:55,2025-08-21T11:27:28.472000,1473.472,3840.0,2160.0,29.97002997002997,hevc,True,aac,48000.0,2.0,ok,
media_000310,room_1,Room 1,room_1_19_20_21_aug,GX840046.MP4,"data/raw/video/Room 1/Room 1 (19, 20, 21 Aug)/GX840046.MP4","F:\temp\data\raw\video\Room 1\Room 1 (19, 20, 21 Aug)\GX840046.MP4","data/raw/video/Room 1/Room 1 (19, 20, 21 Aug)/GX840046.MP4",3739028505,exiftool,2025-08-21T11:27:28,2025-08-21T11:51:52.763300,1464.7633,3840.0,2160.0,29.97002997002997,hevc,True,aac,48000.0,2.0,ok,
